-1.011,-1.2278
-1.2316,-1.5173
-0.97928,-1.4473
-1.0443,-1.2275
-0.88507,-1.1833
-0.93043,-1.1479
-1.0008,-1.4245
-0.94718,-1.4486
-1.1851,-1.4725
-1.2679,-1.3129
-1.0477,-1.3528
-1.1195,-1.5587
-1.2243,-1.2391
-0.87449,-1.5586
-1.1329,-1.2963
-1.0709,-1.4681
-1.1844,-1.5092
-1.0614,-1.3289
-1.054,-1.2976
-0.93385,-1.0457
-1.134,-1.5219
-1.0684,-1.2786
-0.93274,-1.4082
-1.113,-1.4203
-1.1496,-1.3931
-1.1885,-1.2315
-1.2351,-1.3655
-1.0281,-1.3791
-1.0819,-1.2865
-1.0629,-0.99483
-1.1137,-1.3407
-1.2102,-1.4393
-1.079,-1.2549
-0.83525,-1.4583
-1.252,-1.5042
-1.0965,-1.2075
-1.0922,-1.2783
-1.0237,-1.4013
-1.0347,-1.1184
-1.121,-1.2184
-1.1712,-1.4069
-0.85677,-1.1388
-0.95639,-1.1291
-1.066,-0.98094
-1.0924,-1.2875
-1.3108,-1.3415
-1.0083,-1.3716
-1.2991,-1.2245
-0.9911,-1.2506
-1.1357,-1.1362
-1.2466,-1.2817
-1.1683,-1.1715
-0.97417,-1.2085
-1.0178,-1.3301
-0.8831,-1.3074
-1.1089,-1.445
-1.162,-1.3761
-1.0697,-1.3243
-1.1666,-1.3491
-0.72761,-1.3359
-1.0397,-1.381
-1.0274,-1.3119
-1.1697,-1.3574
-1.0157,-1.3888
-0.91504,-1.3735
-0.89762,-1.3898
-0.96915,-1.5117
-0.93176,-1.4561
-1.4318,-1.3516
-1.1423,-1.273
-0.93009,-1.3912
-0.85169,-1.307
-1.1945,-1.0065
-1.0374,-1.4706
-1.2846,-1.4507
-1.6939,-1.5419
-1.0053,-1.3873
-0.83138,-1.2525
-0.95093,-1.303
-0.92718,-1.3808
-1.1994,-1.2732
-1.0942,-1.2352
-1.1948,-1.2897
-1.0613,-1.3734
-0.84223,-1.3417
-1.3174,-0.96785
-1.0694,-1.3721
-1.0574,-1.3673
-1.0453,-1.2685
-1.0001,-1.377
-1.0725,-1.4382
-1.0616,-1.0058
-0.96165,-1.3089
-1.1863,-0.83371
-1.0509,-1.2363
-1.0414,-1.4151
-1.1083,-1.3617
-1.0574,-1.4189
-1.2132,-1.2308
-0.8986,-1.4126
-1.0724,-1.3294
-0.6469,-1.388
-1.1145,-1.3495
-0.92629,-1.5011
-0.90013,-1.5599
-1.1052,-1.2876
-1.1144,-1.23
-1.2922,-1.2903
-1.0094,-1.2617
-1.1993,-1.3515
-0.99578,-1.6073
-1.0653,-1.2588
-1.3969,-1.4887
-1.1071,-1.2139
-1.1994,-0.83378
-1.0933,-1.3365
-0.74284,-1.1328
-1.168,-1.3015
-1.3054,-1.4332
-1.1069,-1.234
-1.177,-1.2178
-0.94515,-1.1824
-1.2349,-1.6426
-1.0716,-1.1617
-1.1193,-1.4694
-0.825,-1.298
-0.94394,-1.2406
-1.248,-1.0173
-0.87017,-1.2608
-0.65962,-1.3509
-0.98054,-1.3298
-1.0141,-1.0545
-1.0362,-1.3597
-0.98261,-1.2899
-1.0641,-1.1364
-0.90525,-1.2837
-1.0352,-1.225
-1.0256,-1.2988
-1.0477,-1.2128
-0.96009,-1.2857
-1.1308,-1.1763
-1.1405,-1.1807
-0.99357,-1.2878
-1.0503,-1.4569
-1.0085,-1.5212
-1.1545,-1.7558
-1.2364,-1.3075
-1.1632,-1.1072
-1.2201,-1.2425
-1.0426,-1.1488
-1.1062,-1.3812
-1.0389,-1.2202
-0.99387,-1.4469
-1.1513,-1.4136
-1.0356,-1.4261
-1.1947,-1.4915
-1.1215,-1.15
-1.0406,-1.2573
-1.03,-1.2622
-0.98131,-1.3329
-1.1164,-1.325
-1.0107,-1.1519
-1.1872,-1.3545
-1.1908,-1.2687
-1.0371,-1.1761
-0.95116,-1.4811
-1.1609,-1.2913
-1.0935,-1.2966
-1.0071,-1.3196
-0.94784,-1.3824
-0.97071,-1.1152
-1.1697,-1.1051
-0.96305,-1.3949
-1.061,-1.2158
-1.1755,-1.0674
-1.0823,-1.27
-0.99875,-1.269
-1.0559,-1.217
-1.07,-1.2845
-1.1916,-1.3186
-1.169,-1.1123
-1.0685,-1.191
-1.1174,-1.1977
-1.1996,-1.3752
-0.97414,-1.0746
-1.0219,-1.3909
-1.161,-1.1493
-1.2687,-1.0979
-1.2046,-1.1249
-1.0426,-1.2571
-1.0012,-1.4291
-1.0753,-1.2795
-0.84584,-1.2195
-1.1185,-1.3244
-1.1368,-1.4094
-0.98046,-1.25
-0.983,-1.168
-1.0012,-1.2274
-0.9689,-1.4184
-1.1423,-1.4437
-1.1373,-1.4173
-1.0643,-1.4827
-0.96612,-1.2422
-0.82831,-1.5115
-0.87819,-1.5051
-1.021,-1.2238
-1.0015,-1.4052
-1.0619,-1.2182
-1.158,-1.3812
-1.1504,-1.1838
-0.95362,-1.1854
-0.84703,-1.4749
-0.99141,-1.3597
-1.0729,-1.1646
-1.0713,-1.1481
-0.98676,-1.5183
-1.0768,-1.2535
-1.1412,-1.1702
-1.0292,-1.1866
-1.1956,-1.1833
-1.1682,-1.3503
-1.2164,-1.2694
-1.0327,-1.1907
-1.0868,-1.3664
-1.0081,-1.5678
-1.1736,-1.2245
-0.91699,-1.1929
-1.1347,-1.4375
-1.0496,-1.148
-1.1558,-1.4141
-1.0381,-1.3339
-1.113,-1.3754
-1.049,-1.1696
-1.1354,-1.3648
-1.2446,-1.3835
-0.85449,-1.4271
-1.0662,-0.91875
-1.1024,-1.2724
-0.90201,-1.2907
-1.0174,-1.3256
-1.1351,-1.2571
-1.1196,-1.5574
-1.0349,-1.3137
-1.1781,-1.2795
-0.94575,-1.1906
-1.0161,-1.1601
-1.0158,-1.4414
-1.1129,-1.4249
-1.1252,-1.4438
-1.1327,-1.356
-1.1147,-1.3229
-1.193,-1.2728
-0.89827,-1.2414
-0.9494,-1.2626
-1.1509,-0.96715
-0.96788,-1.3594
-0.95877,-1.3655
-1.0342,-1.2351
-0.85112,-1.3138
-1.136,-1.2769
-1.0167,-1.2048
-1.293,-1.3591
-1.211,-1.2679
-1.0668,-1.3603
-1.1203,-1.3897
-1.0861,-1.6872
-1.0214,-1.1935
-1.0652,-1.256
-0.96909,-1.3132
-1.0237,-1.015
-1.1064,-1.0465
-1.2439,-1.207
-1.0722,-1.1921
-1.0724,-1.2835
-1.1195,-1.5216
-1.1748,-1.2403
-1.0937,-1.5809
-1.3082,-1.1528
-1.0729,-1.2367
-1.0983,-1.3504
-1.0372,-1.1542
-1.1738,-1.6224
-0.89013,-1.5064
-1.0762,-1.2671
-1.3612,-1.2772
-0.8957,-1.2747
-1.2766,-1.5475
-1.1208,-1.4382
-0.8226,-1.3847
-1.0529,-1.2709
-1.1252,-1.2953
-1.0712,-1.5502
-0.98964,-1.4357
-1.2801,-1.1395
-1.0229,-1.2344
-0.97974,-1.1696
-1.0141,-1.2306
-1.0685,-1.1812
-1.1951,-1.4069
-1.2064,-1.3283
-1.115,-1.2772
-1.1357,-1.5789
-1.2639,-1.3958
-1.0784,-1.3241
-1.1619,-1.3379
-1.1787,-1.2143
-1.0928,-1.155
-0.91233,-1.2797
-0.89709,-1.3199
-1.2057,-0.90036
-0.97549,-1.1739
-1.1395,-1.308
-0.93505,-1.1009
-1.0852,-1.2132
-1.128,-1.293
-1.077,-1.2103
-0.9705,-1.4368
-1.2009,-1.5801
-1.0153,-1.2638
-1.1575,-0.9836
-1.1819,-0.80317
-1.0462,-1.1927
-1.0574,-1.2513
-1.0777,-1.4988
-1.0953,-1.2331
-1.2186,-1.3671
-1.0038,-1.3577
-1.1312,-1.189
-1.1769,-1.3879
-1.0662,-1.3029
-1.2975,-1.3193
-1.191,-1.2704
-1.0736,-1.053
-0.96262,-1.2746
-1.1128,-1.2597
-1.2713,-1.3229
-1.1786,-1.1612
-1.0687,-1.1504
-1.0214,-0.99705
-1.1727,-1.0673
-1.1673,-1.1757
-1.0644,-1.3453
-1.0801,-1.2321
-1.0785,-1.3864
-1.0567,-1.4699
-0.95243,-1.4006
-1.1187,-1.4743
-1.1928,-1.3263
-0.98912,-1.3328
-1.2105,-1.3763
-0.88593,-1.3522
-1.2693,-1.2093
-1.0136,-1.2886
-0.96285,-1.1085
-1.197,-1.2693
-1.0332,-1.5282
-0.94577,-1.3525
-1.2059,-1.3879
-1.1588,-1.1416
-0.94449,-1.4551
-1.0219,-1.0938
-1.0987,-1.496
-1.1749,-1.2432
-1.0398,-1.42
-0.95669,-1.2817
-1.0725,-1.0863
-0.87699,-1.4186
-1.1977,-1.2035
-1.2007,-1.5731
-1.2365,-1.4132
-1.1173,-1.4218
-1.0453,-1.5652
-1.1144,-1.1674
-1.1665,-1.2298
-1.121,-1.1021
-0.99817,-1.3375
-1.1036,-0.9728
-1.0904,-1.2665
-1.0586,-1.5219
-1.1187,-1.1517
-1.0698,-1.2635
-0.92096,-1.4261
-1.0839,-1.0424
-0.94069,-1.2415
-1.0038,-1.3407
-1.1782,-1.2052
-0.99823,-1.3729
-0.99405,-1.3694
-1.1225,-1.3975
-1.158,-1.0424
-1.113,-1.436
-1.2386,-1.4986
-1.0613,-1.383
-1.1413,-1.3666
-0.9803,-1.4204
-1.1727,-1.268
-1.0356,-1.4262
-1.1075,-1.1082
-1.118,-1.2509
-1.0767,-1.485
-1.0482,-1.3073
-0.82926,-1.2359
-1.1755,-1.2631
-1.0366,-1.1401
-0.86265,-1.2528
-1.0727,-1.3499
-0.86314,-1.1387
-1.0733,-1.5176
-0.97618,-1.3484
-0.90583,-1.4178
-1.0427,-1.2558
-1.0394,-1.3151
-0.99257,-1.3071
-1.1451,-1.4393
-1.0577,-1.3314
-1.0406,-1.3618
-1.1778,-1.3234
-1.0912,-1.2369
-1.0493,-1.1576
-1.0557,-1.0786
-1.0015,-1.2405
-1.1485,-1.3781
-0.93015,-1.3185
-0.96789,-1.0822
-1.261,-1.1867
-1.12,-1.3099
-1.1854,-1.125
-1.1647,-1.236
-0.95405,-1.3549
-1.1384,-1.0849
-1.3356,-1.2347
-1.1378,-1.4287
-0.95093,-1.4288
-1.0115,-1.1982
-1.079,-1.3065
-1.3336,-1.583
-0.90541,-1.3054
-1.2363,-1.3254
-1.1569,-1.1525
-1.0406,-1.358
-1.0728,-1.4026
-1.3515,-1.3712
-1.1777,-1.5369
-1.0924,-1.2866
-1.0034,-1.349
-0.99001,-1.2961
-1.2781,-1.2112
-1.038,-1.5227
-1.281,-1.0586
-1.1073,-1.5537
-1.085,-1.1695
-1.0636,-1.1868
-1.0968,-1.3101
-1.0462,-1.3957
-1.1209,-1.0945
-0.82473,-1.4769
-1.0881,-1.1853
-0.97072,-1.239
-1.0244,-1.2392
-1.1358,-1.5107
-1.1927,-1.3506
-0.83556,-1.2388
-1.028,-1.092
-1.0892,-1.3879
-1.0376,-1.312
-1.4053,-1.1521
-1.2927,-1.2977
-1.0058,-1.4698
-1.3168,-1.6435
-1.0786,-1.0401
-1.1417,-1.3913
-0.95579,-1.3963
-1.0408,-0.95242
-1.0505,-1.4255
-1.0024,-1.3187
-0.97188,-1.2166
-0.9991,-1.3296
-0.99361,-1.5347
-0.77639,-1.2808
-0.92965,-1.2947
-0.96892,-1.1909
-1.0958,-1.5515
-1.0066,-1.3546
-0.88358,-1.2934
-1.2565,-1.0169
-1.1766,-1.1182
-0.96166,-1.3598
-0.95529,-1.1704
-1.0187,-1.0488
-1.2544,-1.4585
-1.1115,-1.2618
-1.0231,-1.0524
-0.91873,-1.3012
-1.1309,-1.3634
-1.2622,-1.4276
-1.0796,-1.5552
-1.0445,-1.2507
-1.1788,-1.2854
-1.1985,-1.3176
-0.92248,-1.5265
-1.0507,-1.1518
-1.0403,-1.5208
-1.0612,-1.0789
-0.9848,-1.3652
-1.1012,-1.633
-1.0718,-1.4131
-1.0594,-1.1143
-1.2454,-1.0329
-0.88727,-1.0507
-1.1735,-1.3214
-1.2364,-1.3834
-1.1324,-1.1649
-0.98171,-1.2424
-1.0243,-1.0384
-0.72466,-1.3204
-1.0515,-1.4419
-0.96623,-1.2867
-1.1905,-1.2805
-0.95389,-1.2725
-1.1349,-1.1353
-1.1463,-1.292
-0.87419,-1.4942
-1.1839,-1.2283
-1.2002,-1.4738
-0.9882,-1.5481
-1.1088,-1.3936
-1.1686,-1.3805
-1.0781,-1.5461
-1.1561,-1.1353
-1.0412,-1.2202
-1.3001,-1.4095
-1.0862,-1.4503
-0.99927,-1.3398
-0.78977,-1.3726
-1.0076,-1.2822
-1.0518,-1.5553
-1.2687,-1.3746
-1.2348,-1.303
-1.1784,-1.2978
-0.9996,-1.4831
-1.1406,-1.1271
-1.2009,-1.4827
-1.1621,-1.188
-1.2246,-1.2792
-1.1172,-1.31
-1.0348,-1.211
-1.0673,-1.155
-1.1369,-1.3541
-1.2573,-1.3752
-1.2838,-1.368
-1.1283,-1.5642
-1.1031,-1.3767
-1.14,-1.3116
-1.0519,-1.0499
-0.94572,-1.3317
-0.98804,-1.1591
-1.0326,-1.3468
-1.0703,-1.3349
-1.0611,-1.1058
-0.86523,-1.3872
-0.92261,-1.3788
-1.025,-1.2938
-0.84648,-1.4198
-1.0335,-1.4006
-1.4407,-1.4689
-0.96837,-1.3698
-1.2963,-1.66
-1.0418,-1.0153
-1.0904,-1.2477
-1.0493,-1.2266
-0.92722,-1.6334
-1.2204,-1.1802
-1.2932,-1.3798
-1.0859,-1.2288
-1.1443,-1.3777
-1.0737,-1.2156
-1.155,-1.2012
-0.80442,-1.372
-0.90944,-1.2285
-1.0934,-1.1615
-1.014,-1.2357
-1.0175,-1.3099
-1.0461,-1.1333
-1.1217,-1.3052
-1.0021,-1.27
-0.86054,-1.306
-1.0113,-1.1587
-1.0395,-1.3192
-1.1523,-1.274
-1.118,-1.1231
-1.0353,-1.4702
-1.1871,-1.1355
-1.0894,-1.3476
-0.87916,-1.1959
-1.0016,-1.5342
-1.1011,-1.408
-0.74823,-1.3085
-1.0759,-1.3862
-0.94889,-1.119
-1.1962,-1.1957
-0.99183,-1.4238
-1.3107,-1.301
-1.0671,-1.3956
-1.0053,-1.1617
-1.0654,-1.4302
-0.92951,-1.2425
-1.0402,-1.6012
-1.1809,-1.4269
-0.95375,-1.198
-0.8876,-1.1262
-1.1297,-1.2261
-1.1643,-1.4338
-0.93803,-1.4076
-1.0213,-1.3531
-0.92164,-1.5113
-1.1135,-1.1679
-1.0481,-1.2046
-1.0682,-1.1762
-1.3827,-1.3373
-1.0406,-1.1552
-0.97432,-1.4606
-1.1214,-1.2739
-1.0549,-1.1415
-1.2808,-1.1478
-1.0822,-1.2634
-1.0148,-1.4082
-0.9778,-1.4909
-1.0942,-1.1056
-1.0373,-1.4167
-1.2503,-1.3432
-0.93315,-1.2827
-1.074,-1.3711
-0.99692,-1.1315
-0.89356,-1.3519
-1.0928,-1.2268
-1.0378,-1.3015
-1.2067,-1.434
-1.1226,-1.2867
-1.0362,-1.3142
-1.2248,-1.1543
-0.90901,-1.3403
-1.2723,-1.1848
-0.99475,-1.1224
-0.95118,-1.2053
-1.0873,-1.2736
-0.90471,-1.4856
-1.2398,-1.1673
-0.96617,-1.1468
-1.2182,-1.4748
-1.1248,-1.3458
-1.2523,-1.1349
-1.0147,-1.3027
-1.1512,-1.2355
-1.0385,-1.4038
-1.1426,-1.3117
-1.2798,-1.309
-1.2229,-1.2627
-1.0577,-1.2507
-0.86361,-1.6603
-0.87251,-1.2604
-1.258,-1.3053
-1.1402,-0.8962
-1.1183,-1.3741
-0.93573,-1.3422
-1.2077,-1.3872
-1.1669,-1.0269
-0.89017,-1.404
-0.88742,-1.4501
-0.91306,-1.1572
-1.0608,-1.6758
-1.0407,-1.2929
-1.0431,-1.3537
-1.0203,-1.3293
-1.1474,-1.3699
-1.0963,-1.2673
-1.0386,-1.5018
-1.0939,-1.5272
-1.068,-1.2928
-0.96051,-1.2116
-1.0128,-1.0734
-1.0024,-1.2943
-1.1881,-1.4441
-1.0878,-1.372
-1.0623,-1.3591
-1.0135,-1.359
-1.0363,-1.3104
-0.97294,-1.4681
-1.2692,-1.1455
-1.1094,-1.3327
-1.1197,-1.238
-0.99393,-1.3427
-1.0266,-1.3923
-1.1845,-1.1556
-1.0582,-1.0316
-0.95605,-1.3892
-1.1328,-1.2677
-1.0636,-1.2217
-0.99519,-1.2749
-1.1579,-1.3204
-0.96837,-1.1969
-1.0889,-1.397
-1.2918,-1.1682
-0.87843,-1.2956
-1.0055,-1.298
-1.1251,-1.1105
-1.3082,-1.4749
-0.89571,-1.3305
-1.3043,-1.4911
-1.0093,-1.3541
-0.90724,-1.5672
-1.1285,-1.0578
-1.0939,-1.605
-1.0469,-1.151
-0.93646,-1.3605
-0.95505,-1.5608
-1.0474,-1.2491
-1.0784,-1.2629
-1.019,-1.2596
-0.96197,-1.2923
-1.0835,-1.3258
-1.0969,-1.1988
-1.1132,-1.1945
-0.9061,-1.2837
-0.98221,-1.3435
-0.9423,-1.2285
-1.3063,-1.4076
-0.95922,-1.2293
-1.0428,-1.4048
-1.0036,-1.405
-1.0077,-1.1412
-0.97866,-1.2903
-1.0577,-1.1995
-0.95983,-1.3801
-1.079,-1.5959
-1.1688,-1.2246
-1.0257,-1.6952
-0.88375,-1.2891
-0.85646,-1.2028
-0.99532,-1.3714
-1.0758,-1.024
-1.1415,-1.2933
-0.89383,-1.5177
-1.062,-1.1441
-0.8288,-1.2577
-1.1554,-1.4807
-1.0335,-1.2562
-0.96385,-1.2345
-1.1173,-1.3484
-0.93918,-1.4072
-1.0012,-1.4806
-1.1288,-1.5917
-1.0474,-1.2965
-0.96336,-1.5931
-0.915,-1.252
-1.3761,-1.3945
-1.4105,-1.6037
-1.1242,-1.1111
-1.1142,-1.1906
-1.0547,-1.1989
-0.9867,-1.247
-0.95003,-1.4411
-0.84852,-1.3733
-1.2785,-1.4054
-0.92968,-0.97569
-1.0927,-1.2565
-1.1183,-1.3866
-1.055,-1.6737
-1.1206,-1.0651
-1.1313,-1.0578
-1.2399,-1.2479
-1.1656,-1.2316
-1.0241,-1.3587
-1.214,-1.3484
-1.0685,-1.3635
-1.1447,-1.0914
-1.2041,-1.0359
-1.0618,-1.4129
-1.1085,-1.2184
-1.0791,-1.3595
-0.94568,-1.259
-1.084,-1.3999
-1.0176,-1.3409
-1.0969,-1.25
-0.87636,-1.3041
-1.2895,-1.3627
-1.3253,-1.464
-1.1815,-1.3911
-0.79391,-1.1821
-1.1549,-1.4115
-1.1283,-1.3557
-0.77648,-1.2726
-1.0966,-1.0462
-1.006,-0.99896
-1.0468,-1.5696
-1.1117,-1.2856
-1.1044,-1.2424
-0.93746,-1.4368
-1.0152,-1.5295
-1.2519,-1.2415
-1.1365,-1.4963
-1.0534,-1.4321
-1.0871,-1.1263
-0.83454,-1.4064
-1.0932,-1.1828
-1.2174,-1.0965
-1.2452,-1.4868
-1.004,-1.2377
-0.94051,-1.2815
-0.99544,-1.1766
-0.99635,-1.2546
-1.131,-1.2573
-1.0751,-1.1735
-1.1189,-1.2395
-1.1179,-1.0706
-0.88809,-1.2529
-1.084,-1.3808
-0.98651,-1.2881
-1.0654,-1.2172
-1.0692,-1.3789
-0.91428,-1.3429
-1.0847,-1.3338
-1.0274,-1.3974
-1.0473,-1.2518
-1.0383,-1.1912
-1.0017,-1.0197
-1.2192,-1.5032
-1.1284,-1.2147
-1.2408,-1.3049
-1.199,-1.1517
-1.1003,-1.3588
-0.97533,-1.1903
-0.99308,-1.2253
-0.99849,-1.1461
-1.0325,-1.0888
-1.0483,-1.5611
-1.1248,-1.3225
-1.0699,-1.2028
-1.0275,-1.3359
-0.88373,-1.3697
-1.1292,-1.3561
-1.0222,-1.2395
-0.86465,-1.3721
-1.1048,-1.1977
-1.0796,-1.1118
-1.0705,-1.3825
-0.96777,-1.1162
-0.90035,-1.3968
-1.2324,-1.4978
-1.031,-1.2012
-0.83759,-1.4837
-1.2498,-1.3499
-0.97117,-1.2591
-1.1625,-1.547
-0.93678,-1.3111
-1.0271,-1.3763
-1.0888,-1.4155
-0.97478,-1.2657
-0.94637,-1.2275
-0.80176,-1.4076
-0.87049,-1.0695
-1.0648,-1.4066
-1.1611,-1.4191
-0.81014,-1.427
-1.1318,-1.3165
-1.143,-1.2591
-1.1186,-1.208
-1.1394,-1.1474
-1.1151,-1.3297
-1.0025,-1.2213
-1.042,-1.2561
-1.2106,-1.1568
-1.2155,-1.5554
-1.2118,-1.0923
-1.1627,-1.2712
-1.0751,-1.2502
-1.1485,-1.3813
-1.2251,-1.2904
-0.71811,-1.412
-1.1799,-1.3139
-0.97148,-1.5419
-1.0342,-1.0432
-0.99947,-1.5035
-0.92409,-1.3035
-1.0214,-1.378
-1.0919,-1.1766
-0.85344,-1.1403
-1.0966,-1.2818
-1.0403,-1.347
-1.1193,-1.2894
-0.89749,-1.0705
-0.94931,-1.3421
-0.98205,-1.1916
-1.0966,-1.2484
-1.0404,-1.3248
-1.1487,-1.1323
-1.1166,-1.3397
-0.99414,-1.3155
-0.98352,-1.2097
-0.99308,-1.5556
-1.0083,-1.6394
-1.0349,-1.1485
-1.1882,-1.3519
-1.0769,-1.4527
-0.86208,-1.259
-0.91791,-1.1195
-1.0983,-1.5462
-0.95931,-1.1102
-1.0866,-1.4642
-1.0481,-1.4432
-0.88986,-1.4486
-1.2654,-1.3297
-0.99299,-1.506
-0.99617,-1.4135
-1.0502,-1.3257
-1.0598,-1.5872
-1.1098,-1.1766
-1.0389,-1.3495
-0.98712,-1.2484
-1.1454,-1.417
-0.73719,-1.2846
-1.096,-1.3154
-1.091,-1.1403
-1.2313,-1.5278
-1.0717,-1.4462
-1.0847,-1.2391
-1.0919,-1.1508
-1.0322,-1.3089
-1.0864,-1.5543
-0.93995,-1.411
-0.95779,-1.2387
-1.0404,-1.4615
-1.0773,-1.4119
-0.9488,-1.3782
-1.1907,-1.3183
-0.9146,-1.3198
-1.0907,-1.3713
-1.072,-1.4082
-1.2044,-1.1911
-1.0382,-1.1048
-0.90246,-1.2017
-1.0827,-1.3084
-0.96569,-1.1972
-0.91652,-1.0713
-1.1737,-1.2872
-1.1664,-1.2534
-1.1532,-1.2564
-0.94487,-1.2049
-0.94636,-1.352
-0.89006,-1.3071
-1.0892,-1.3273
-1.1805,-1.4996
-1.0341,-1.1438
-0.93528,-1.3072
-1.1184,-1.3038
-1.2238,-1.5415
-1.1345,-1.3567
-0.96421,-1.3029
-1.239,-1.2188
-0.99923,-1.2955
-0.98604,-1.3222
-0.98494,-1.4056
-1.0992,-1.2725
-0.98211,-1.1455
-1.1514,-1.4874
-1.083,-1.1786
-1.2844,-1.1342
-1.0221,-1.1783
-0.99606,-1.359
-1.1828,-1.2034
-1.2702,-1.6435
-1.0819,-1.3361
-1.0891,-1.3396
-0.98743,-1.2642
-1.059,-1.2842
-1.065,-1.4193
-1.1041,-1.5064
-1.0348,-1.2936
-1.04,-1.3361
-1.1873,-1.2041
-1.0839,-1.2934
-1.177,-1.3893
-0.92013,-1.6022
-1.0679,-1.2246
-1.0189,-1.3297
-1.091,-1.2574
-0.89788,-1.5757
-1.0079,-1.4674
-1.27,-1.2696
-1.1352,-1.5181
-1.2026,-1.5548
-1.0464,-1.1796
-1.1102,-1.5471
-0.79024,-1.3309
-1.3189,-1.4232
-1.0792,-1.1771
-1.095,-1.1311
-0.97282,-1.3746
-1.1334,-1.3079
-1.0271,-1.3739
-1.1152,-1.3332
-0.73283,-0.76712
-0.6012,-0.608
-0.045407,-0.77914
-0.6232,-0.57458
-0.57794,-0.18697
-0.073625,-0.57487
-0.074192,-0.23654
-0.36498,-0.61953
-0.65043,-0.45534
-0.70854,-0.45989
-0.24089,-0.50073
-0.92186,-1.1205
-0.36563,-0.79019
-0.26348,-0.61526
-0.61043,-0.25156
-0.3032,-1.1072
0.0049438,-0.51546
0.062906,-0.52262
-0.3781,-0.66105
-0.47792,-0.69201
-0.29962,-0.57956
-0.055599,-0.68723
0.1496,-0.52316
-0.67663,-0.59904
0.059821,-0.34452
-0.46386,-0.53618
-0.081528,-0.66224
-0.23071,-0.84704
-0.47782,-0.025457
-0.45503,-0.74311
-0.71785,-0.86847
-0.27654,-0.63091
-0.41482,-0.60801
-0.13887,-0.28937
-0.6864,-0.43398
-0.76979,-0.61932
-0.19981,-0.69935
-0.83088,-0.55428
-0.59799,-0.68251
-0.27118,-0.74846
-0.24582,-0.55191
-0.39824,-0.72377
-0.70646,-0.85312
-0.49175,-0.51551
-0.24526,-0.62348
-0.2481,-0.57115
-0.12812,-0.33302
-0.51646,-0.0027742
-0.43007,-0.2314
-0.81578,-0.49148
-0.4597,-0.88913
-0.46086,-0.52219
0.095519,-0.69277
-0.58431,-0.35522
-0.11809,-0.65247
-0.21084,-1.0174
-0.11857,-0.85017
-0.074436,-0.14453
-0.15435,-0.7395
0.068309,-0.65794
-0.5149,-0.25271
-0.014381,-0.6174
-0.58685,-0.69312
-0.24691,-0.64163
-0.080924,-0.59781
-0.18273,-0.58425
-0.76073,-0.72695
-0.52836,-0.63057
-0.40681,-0.57915
-0.29151,-0.65818
-0.68404,-0.59642
-0.29489,-0.5601
-0.12963,-1.0467
-0.47702,-0.56277
-0.072472,-0.45674
0.0059213,-0.34295
-0.37143,-0.58182
-0.13008,-0.88404
-0.054538,-0.51564
-0.12628,-0.55729
-0.18461,-0.50317
-0.61808,-0.61701
-0.26439,-0.66031
-0.50342,-0.4253
-0.25668,-0.31885
-0.61865,-0.81018
-0.49528,-0.45264
-0.30391,-0.40877
-0.29436,-0.52195
-0.30083,-0.51342
-0.051043,-0.49798
-0.18682,-0.45068
-0.21328,-0.37378
-0.64499,-0.77331
-0.55879,-0.61038
-0.27196,-0.73236
-0.61104,-0.13851
-0.12496,-0.8764
0.099825,-0.1831
-0.28061,-0.71365
-0.11696,-0.52197
0.21683,-0.62811
-0.11717,-0.45573
-0.42428,-0.61387
-0.54207,-0.45939
-0.46367,-0.77594
-0.11329,-0.57059
-0.35457,-0.62099
-0.088326,-0.55092
-0.87675,-0.55936
-0.17627,-0.65985
-0.46143,-0.24879
-0.2343,-0.24117
-0.10742,-0.46692
-0.24962,-0.55724
-0.12492,-0.36265
-0.62151,-0.53056
-0.40302,-0.571
-0.29006,-0.45302
-0.20045,-0.57709
-0.33917,-0.80517
-0.9372,-0.52433
-0.18572,-0.80573
-0.010225,-0.70229
-0.3924,-0.36966
-0.32658,-0.41149
-0.50193,-0.99286
-0.28985,-0.62127
-0.13249,-0.15645
-0.10177,-0.74836
-0.56053,-0.23727
0.028964,-0.31342
-0.50345,-0.7194
0.031257,-0.58751
-0.57036,-0.48665
-0.09224,-0.49287
0.18663,-0.74888
-0.29885,-0.58846
-0.66481,-0.74546
-0.12658,-0.58865
-0.30498,-0.50444
-0.14557,-0.54575
-0.11906,-0.80799
-0.2633,-0.57908
-0.5808,-0.89639
-0.73617,-0.47788
-0.39268,-0.44686
-0.35697,-0.76878
-0.21162,-0.56125
-0.14501,-0.75066
-0.8042,-0.77778
0.046524,-0.65858
-0.47295,-0.57568
-0.2516,-0.53783
-0.66857,-0.71091
-0.30912,-0.48752
-0.80062,-0.32368
-0.29357,-0.37303
-0.17173,-0.43427
0.21426,-0.59958
-0.21863,-0.65508
-0.57694,-0.31126
-0.37771,-0.39538
-0.47248,-0.79783
-0.2475,-0.74498
-0.29035,-0.32458
-0.64603,-0.55118
-0.50688,-0.62448
-0.33314,-0.78825
-0.10521,-0.84377
-0.24735,-0.55991
0.30638,-0.20411
-0.18252,-0.46642
-0.39828,-0.82903
0.18714,-0.50845
-0.35561,-0.5087
0.065254,-0.15087
0.17951,-0.80066
-0.6746,-0.54681
-0.62292,-0.45156
-0.38298,-0.56328
-0.81484,-0.71047
-0.46656,-0.90157
-0.39144,-0.21548
-0.64187,-0.74538
-0.32481,-0.55376
-0.65936,-0.51803
-0.35663,-0.71868
-0.41305,-0.83843
-0.52169,-0.53596
-0.24316,-0.62834
0.24123,-0.44356
-0.26845,-0.45244
-0.27289,-0.36105
-0.092019,-0.6067
-0.44881,-0.54974
-0.1674,-0.693
-0.25973,-0.6173
-0.16993,-0.42884
-0.41756,-0.76982
-0.59287,-0.32803
-0.41349,-0.079616
-0.26883,-0.46279
0.12566,-0.47433
-0.44788,-0.7437
-0.59973,-0.74223
-0.18861,-0.56867
-0.6489,-0.44305
-0.75849,-0.52567
-0.33417,-0.62267
-0.044619,-0.23746
-0.066469,-0.67513
-0.48905,-0.76602
0.11498,-0.536
-0.14226,-0.44229
-0.71683,-0.40189
-0.55698,-0.54197
-0.31001,-1.041
-0.88405,-0.76007
-0.28818,-0.41756
-0.59063,-0.52616
-0.44891,-0.67351
-0.34678,-0.28175
-0.20637,-0.5804
-0.72548,-0.44975
-0.60126,-0.24399
-0.80915,-0.66637
-0.25232,-0.83861
-0.59439,-0.5078
-0.62422,-0.43968
-0.23264,-0.75492
-0.41114,-0.6646
-0.041326,-0.4652
-0.31257,-0.56229
-0.72297,-0.57593
-0.38087,-0.39086
-0.64776,-0.48065
-0.19814,-0.69304
0.096562,-0.45318
-0.18084,-0.41817
-0.048441,-0.47319
-0.33774,-0.49272
-0.74569,-0.62181
-0.34953,-0.51396
-0.46969,-0.47332
-0.43579,-0.49604
-0.41068,-0.41214
-0.87286,-0.51466
-0.77726,-0.15768
-0.0096545,-0.56312
-0.10664,-0.63713
-0.21273,-0.70844
-0.17353,-0.61108
-0.54459,-0.69496
0.16127,-0.29318
-0.1493,-0.53239
-0.0049202,-0.48289
-0.71839,-0.25418
-0.20419,-0.36888
-0.071092,-0.34234
-0.31623,-0.27256
0.034539,-0.2073
-0.28691,-0.76815
0.015221,-0.20147
-0.83385,-0.45307
-0.85064,-0.4601
-0.79938,-0.59984
-0.13542,-0.73786
-0.5018,-0.6984
-0.80621,-0.40268
-0.62643,-0.59038
-0.55926,-0.51208
-0.38728,-0.71391
-0.10204,-0.70303
-0.63383,-0.75136
-0.80617,-0.72308
-0.60346,-0.60427
-0.26985,-0.7809
-0.24285,-0.57955
-0.14902,-0.36768
-0.024068,-0.78926
-0.093058,-0.53481
-0.37491,-0.69643
-0.063281,-0.64013
-0.07889,-0.25821
-0.19442,-0.51811
-0.10901,-1.0816
-0.7131,-0.34661
-0.2391,-0.57781
-0.75778,-0.60844
0.081032,-0.8455
-0.30193,-0.47327
-0.16038,-0.63285
0.012183,-0.60999
-0.15085,-0.54215
-0.11926,-0.72716
-0.68062,-0.84586
0.09768,-0.56237
-0.072127,-0.52219
-0.22824,-0.78949
-0.76069,-0.53687
-0.2889,-0.80284
0.014192,-0.63467
-0.50626,-0.49887
-0.28233,-0.64169
-0.32854,-0.56995
-0.29371,-0.61129
-0.14491,-0.53745
-0.3825,-0.57481
-0.39263,-0.62704
-0.13684,-0.49529
-0.38812,-0.49675
-0.26225,-0.72388
-0.27492,-0.35329
-0.65674,-0.3423
-0.17681,-0.66298
-0.3703,-0.53386
-0.15126,-0.57257
-0.43233,-1.0709
-0.28586,-1.043
-0.37874,-0.56402
0.032377,-0.73644
-0.008661,-0.51525
-0.49906,-0.53956
-0.070457,-0.39247
-0.048685,-0.28113
-0.82459,-0.57421
-0.49198,-0.70877
0.062549,-0.59315
0.10296,-0.4503
-0.13658,-0.65105
-0.6579,-0.50855
-0.30207,-0.73525
-0.3333,-0.55045
0.084019,-0.44413
-0.23385,-0.70366
-0.57544,-0.3091
-0.54124,-0.80492
-0.61243,-0.32309
-0.21349,-0.27264
-0.45559,-0.51183
-0.67615,-0.63994
-0.1441,-0.41137
-0.10243,-0.55856
-0.18136,-0.90763
-0.14793,-0.7
-0.17071,-0.79808
-0.33801,-0.66545
-0.6636,-0.8879
-0.5151,-0.93012
-0.43217,-0.68883
-0.31397,-0.77152
-0.22383,-0.59939
-0.1541,-0.61455
-0.55838,-0.25489
-0.40591,-0.93481
-0.4408,-0.27945
-0.74715,-0.60598
-0.19299,-0.76095
-0.0044385,-0.49987
0.049014,-0.66902
-0.18733,-0.10353
-0.32117,-0.20906
-0.76761,-0.60643
0.014725,-0.60005
-0.93176,-0.82892
-0.17708,-0.77469
-0.32233,-0.30849
-0.11069,-0.51041
-0.63625,-0.41806
-0.1585,-0.79616
-0.24182,-0.46284
-0.76495,-0.60794
-0.11925,-0.60823
-0.6843,-0.62352
-0.5565,-0.70172
-0.56739,-0.38409
-0.46821,-0.65375
-0.15149,-0.50796
-0.10856,-0.62246
-0.70373,-0.46057
-0.84921,-0.58755
-0.53474,-0.39107
-0.54163,-0.47999
-0.1365,-0.534
-0.25072,-0.46441
-0.12709,-0.61936
-0.44278,-0.68093
-0.098005,-0.48389
-0.49709,-0.28841
-0.57426,-0.81864
-0.54586,-0.37525
-0.7905,-0.59042
-0.27261,-0.32785
-0.18212,-0.51473
-0.11303,-0.98376
-0.033107,-0.90502
-0.70643,-0.68065
-0.41744,-0.77163
-0.23597,-0.46436
-0.2565,-0.69301
-0.022793,-0.62518
-0.088272,-0.76836
-0.64534,-0.34298
-0.43834,-0.63332
-0.11096,-0.42542
-0.34455,-0.71446
-0.68327,-0.36131
-0.3634,-0.80316
-0.088699,-0.65145
-0.79663,-0.54396
-0.26893,-0.46374
-0.49012,-0.72601
-0.81579,-0.40517
-0.32977,-0.91541
-0.30866,-0.26428
-0.24786,-0.45951
-0.73786,-0.77373
-0.43856,-0.61039
0.068843,-0.14307
-0.074037,-0.59592
-0.1822,-0.89113
0.017429,-0.64681
-0.016337,-0.25597
-0.54889,-0.61066
-0.047343,-0.60168
-0.060962,-0.69917
-0.15101,-0.41063
-0.79591,-0.86819
-0.38081,-1.1058
-0.53883,-0.60156
-0.58268,-0.42667
-0.61183,-0.64801
0.027714,-0.87707
-0.14895,-0.6604
-0.59698,-0.45987
-0.078008,-0.4516
-0.37962,-0.69289
-0.49572,-0.81129
-0.63309,-0.57265
-0.41987,-0.69367
-0.0095538,-0.59346
-0.14533,-0.92296
-0.16908,-0.43606
-0.17099,-0.76252
-0.30015,-0.52636
-0.64267,-0.32331
0.055565,-0.49688
-0.37541,-0.78269
-0.067861,-0.68065
-0.43036,-0.71084
-0.55132,-0.59095
-0.53004,-0.15735
-0.1174,-0.74956
-0.21493,-0.60997
-0.76817,-0.79705
-0.60877,-0.58858
-0.10719,-0.54219
-0.41524,-0.4679
-0.65382,-0.39614
-0.88699,-0.82583
-0.15251,-0.39123
-0.35256,-0.83989
-0.68625,-0.38599
-0.50773,-0.36901
-0.67888,-0.26571
-0.63529,-0.43377
-0.55667,-0.62086
-0.45139,-0.57549
-0.23623,-0.79912
-0.115,-0.85358
-0.80299,-0.762
-0.61541,-0.83901
-0.29023,-0.95251
-0.28331,-0.56627
-0.44683,-0.40038
-0.42803,-0.64634
-0.24178,-0.60574
-0.26946,-0.65765
-0.20671,-0.72874
-0.45251,-0.44861
-0.18888,-0.78287
-0.27956,-0.51537
-0.34013,-0.18872
-0.56709,-0.6057
-0.31401,-0.56975
-0.11387,-0.75198
-0.4185,-0.44397
-0.11319,-0.52656
-0.25619,-0.29219
-0.77022,-0.53801
0.19293,-0.19238
-0.31954,-0.67846
-0.67532,-0.40292
-0.044507,-0.5666
-0.23496,-0.12717
-0.19722,-0.60401
-0.54673,-0.6384
0.17999,-0.58446
-0.48865,-0.39357
-0.46651,-0.75754
-0.10681,-0.51212
-0.12431,-0.71406
-0.34855,-0.50244
-0.90394,-0.84517
-0.46094,-0.43589
-0.70125,-0.57022
-0.09066,-0.9508
-0.066225,-0.43972
-0.20906,-0.42951
-0.8143,-0.42982
-0.32702,-0.49741
-0.5398,-0.59887
-0.50574,-0.4819
-0.35465,-0.56906
-0.42278,-0.39419
-0.43071,-0.28716
-0.03878,-0.63718
-0.11547,-0.56504
-0.29914,-0.826
-0.34112,-0.78282
-0.19035,-0.65471
-0.060412,-0.49518
-0.27754,-0.64318
-0.66697,-0.88456
-0.12203,-0.38984
-0.63986,-0.46516
-0.64185,-0.67833
-0.035396,-0.75989
-0.74532,-0.73098
0.015474,-0.41088
-0.27988,-0.62709
-0.29833,-0.73237
-0.3605,-0.43795
-0.016792,-0.68954
-0.10242,-0.85105
-0.9177,-0.64137
-0.58742,-0.70811
-0.5788,-0.12354
-0.21788,-0.83737
-0.15783,-0.72842
-0.55292,-0.20205
-0.64134,-0.2159
-0.21544,-0.44249
-0.86851,-0.80059
0.050083,-0.86826
-0.14926,-0.44156
0.048472,-0.39791
0.18443,-0.60926
-0.69327,-0.5851
-0.29104,-0.61322
-0.22803,-0.70701
-0.85718,-0.84215
-0.1969,-0.37109
-0.21686,-0.38074
0.020635,-0.56643
-0.18468,-0.56293
-0.50397,-0.5378
-0.70696,-0.62114
0.15184,-0.35415
0.020153,-0.36644
-0.16603,-0.62663
-0.095109,-0.68993
-0.47422,-0.8354
-0.33882,-0.49206
-0.91146,-0.52679
-0.32875,-1.0517
0.01106,-0.49386
0.034052,-0.49355
-0.22561,-0.71883
0.34403,-0.22718
-0.5125,-0.56067
-0.51756,-0.40398
-0.68394,-0.19163
-0.054547,-0.57792
-0.14571,-0.58055
-0.27959,-0.62978
-0.12413,-0.75935
-0.018229,-0.52938
-0.37023,-0.57751
-0.46265,-1.087
-0.33202,-0.50489
-0.56026,-0.80004
-0.6512,-0.56935
-0.11883,-0.67281
-0.6602,-0.5603
-0.36509,-0.11686
-0.22779,-0.74485
0.020691,-0.77411
-0.48159,-0.34182
-0.74662,-0.4443
-0.29055,-0.36462
0.08461,-0.50482
-0.83263,-0.88344
-0.84756,-0.52925
-0.18003,-1.2267
-0.12627,-0.7147
-0.83415,-0.71198
-0.36483,-0.41391
-0.56024,-0.4967
-0.044024,-0.75111
-0.67969,-0.6585
-0.63789,-0.27062
-0.056437,-0.33964
-0.31022,-0.42514
-0.10443,-0.5054
-0.56489,-0.76214
-0.62942,-0.34072
-0.056797,-0.77763
-0.28065,-0.64072
-0.76784,-0.70038
-0.0031322,-0.94949
-0.89739,-0.33594
-0.19134,-0.31787
0.022519,-0.24241
-0.6085,-0.32644
0.18285,-0.49947
0.092379,-0.2931
-0.27948,-0.53904
-0.57903,-0.45096
-0.97345,-0.65563
-0.19945,-0.62591
-0.36736,-0.61018
-0.30603,-0.63105
-0.0051561,-0.51874
-0.18194,-0.5053
-0.3731,-0.62423
-0.50626,-0.48554
-0.71401,-0.50105
-0.10182,-0.74799
-0.63541,-0.75846
0.033263,-0.25691
-0.19742,-0.6377
-0.73376,-0.30062
-0.050366,-0.82601
-0.039552,-0.67178
-0.13242,-0.76039
-0.18912,-0.37566
-0.68897,-0.32037
-0.4241,-0.47
-0.78888,-0.59648
-0.13103,-0.87981
-0.21137,-0.24129
-0.16365,-0.49213
-0.63251,-0.76523
-0.09499,-0.66571
-0.7504,-0.47249
-0.18931,-0.86308
-0.85052,-0.65415
-0.47908,-0.6635
-0.24208,-0.74496
-0.22,-0.41209
-0.66018,-0.048301
-0.10226,-0.67379
-0.24462,-0.765
-0.57807,-0.43597
-0.14922,-0.58854
-0.065178,-0.33281
-0.45108,-0.17433
-0.64704,-0.7752
-0.36445,-0.50155
-0.55274,-0.071791
-0.4478,-0.49646
-0.57735,-0.71555
-0.35961,-0.53686
-0.96238,-0.72674
-0.32342,-0.49593
-0.72214,-0.38741
-0.43852,-0.80884
-0.4126,-0.68889
-0.084019,-0.50868
0.10896,-0.54511
-0.066091,-0.65642
-0.48344,-0.50264
-0.098677,-0.7873
-0.6539,-0.39701
-0.0089798,-0.72934
-0.21744,-0.70584
-0.49004,-0.53337
-0.19051,-0.6075
-0.67107,-0.46894
-0.80198,-0.41808
0.27117,-0.40268
-0.058116,-0.20645
-0.20865,-0.72954
-0.010588,-0.17417
0.0297,-0.33526
-0.29159,-0.58358
-0.46341,0.2448
-0.83931,-0.56415
-0.23287,-0.74142
0.0093197,-0.46185
-0.57257,-0.17752
-0.49327,-0.54755
0.053231,-0.29324
-0.12195,-0.79002
-0.73011,-0.48455
-0.53828,-0.86589
-0.70122,-0.62497
-0.27398,-0.62361
-0.50311,-0.3722
-0.48895,-0.34688
-0.18668,-0.49677
-0.7521,-0.43932
-1.0538,-0.83876
-0.39586,-0.76046
-0.27371,-0.49084
-0.24158,-0.66302
-0.62934,-1.0505
-0.41857,-0.52917
-0.42804,-0.56301
-0.66912,-0.43321
-0.49686,-0.53913
-0.1237,-0.71673
-0.53006,-0.56693
-0.10619,-0.55036
-0.35261,-0.6471
-0.017446,-0.19378
-0.39348,-0.6857
-0.99857,-0.74434
-0.24432,-0.30446
0.027095,-0.98364
-0.3932,-0.54079
-0.76029,-0.59806
-0.49725,-0.80747
-0.11384,-0.88948
-0.15236,-0.71332
-0.27498,-0.64468
-0.026136,-0.68229
-0.16192,-0.87462
-0.45288,-0.335
0.29277,-0.73689
-0.10068,-0.47181
-0.30376,-0.62542
-0.25848,-0.58101
-0.53097,-0.56527
-0.13343,-0.76857
-0.26215,-0.41566
0.13608,-0.2573
-0.18652,-0.4623
-0.23572,-0.60116
-0.68561,-0.5642
-0.33144,-0.66802
0.1897,-0.37262
-0.20307,-0.54279
-0.11836,-0.77026
-0.073595,-0.27377
-0.30713,-0.88867
0.25166,-0.28328
-0.52126,-0.53625
-0.47412,-0.81793
-0.22733,-0.55257
-0.087948,-0.55872
-0.020206,-0.29672
-0.39091,-0.71952
-0.23407,-0.854
-0.076024,-0.39357
-0.50887,-0.88158
-0.24893,-0.70735
-0.21586,-0.59859
-0.70214,-0.7743
-0.018242,-0.50657
-0.11858,-0.44495
-0.40162,-0.86653
0.041708,-0.74306
-0.63074,-0.69943
-0.54427,-0.43637
-0.58712,-0.57286
-0.50271,-0.3122
-0.19218,-0.56744
-0.6616,-0.67348
-0.1895,-0.53349
-0.20317,-0.5399
-0.18715,-0.81555
-0.92189,-0.50731
-0.25177,-0.37806
-0.74204,-0.8396
-0.17885,-0.42691
-0.39727,-0.61954
-0.23427,-0.52228
-0.56577,-0.75662
-0.1225,-0.68096
-0.54983,-0.27121
-0.052052,-0.80082
-0.45533,-0.32151
-0.33638,-0.76832
-0.51286,-0.23387
-0.034138,-0.37669
-0.44792,-0.23149
-0.81543,-0.69443
-0.27041,-0.74683
-0.54976,-0.70728
-0.65749,-0.45278
-0.44,-0.86551
-0.50669,-0.66553
-0.046268,-0.37669
0.24448,-0.53913
-0.15327,-0.6198
-0.35509,-0.72095
0.10084,-0.83077
-0.070464,-0.74954
-0.42737,-0.58973
-0.45889,-0.68748
-0.61824,-0.30373
-0.6555,-0.73876
-0.57301,-0.59418
-0.89822,-0.38754
-0.14908,-0.64094
-0.48464,-0.43189
-0.42855,-0.41744
-0.62665,-0.29556
-0.28614,-0.56865
-0.7873,-0.71251
-0.78995,-0.23972
-0.90052,-0.51688
-0.65874,-0.77486
0.0058579,-0.78406
-0.5318,-0.55763
-0.67879,-0.46654
-0.4018,-0.087454
-0.65809,-0.48406
-0.31021,-0.56065
-0.1354,-0.37209
-0.17068,-0.4661
-0.027779,-0.60183
-0.19299,-0.74437
-0.1783,-0.29083
-0.73352,-0.72923
-0.11125,-0.55382
-0.23126,-0.39268
-0.17714,-0.5889
-0.35604,-0.5988
-0.2003,-0.36343
-0.77354,-0.71592
-0.72784,-0.62082
-0.26715,-0.58444
-0.059457,-0.35484
-0.26513,-0.82734
-0.10355,-0.66262
-0.22123,-1.081
-0.46343,-0.62027
-0.069704,-0.74128
-0.70489,-0.53808
0.18882,-0.4681
-0.18496,-0.6655
-0.24438,-0.44858
-0.088313,-0.64213
-0.17736,-0.40392
-0.29566,-0.59201
-0.14142,-0.9255
-0.64075,-0.60643
-0.85975,-0.73785
-0.42878,-0.60557
-0.24832,-0.71439
-0.13254,-0.73061
0.071952,-0.16211
-0.65792,-0.12822
0.073932,-0.84746
-0.61423,-0.9968
-0.095801,-0.5897
0.2738,-0.54746
-0.21235,-0.45392
-0.14842,-1.0574
-0.78407,-0.69319
-0.45686,-0.6162
-0.26654,-0.41499
-0.72107,-0.72071
-0.38057,-0.74561
-0.56518,-0.59817
-0.74389,-0.56072
-0.18976,-0.63752
-0.67614,-0.15073
-0.43716,-0.67623
-0.25128,-0.57799
-0.33777,-0.73834
-0.65151,-0.54629
-0.14913,-0.61112
-0.69372,-0.75816
-0.33562,-0.74368
-0.060002,-0.37363
-0.11006,-0.4968
-0.17638,-0.63928
-0.55793,-0.57173
-0.7476,-0.41094
-0.62589,-0.76361
-0.29229,-0.62198
-0.020371,-0.43613
-0.14323,-0.48299
-0.41484,-0.52368
-0.24764,-0.80423
0.017446,-0.92223
-0.19759,-0.54498
-0.01299,-0.3723
-0.56407,-0.82526
-0.23853,-0.56955
-0.25536,-0.65925
-0.25772,-0.91148
-0.30838,-0.69021
-0.6508,-0.50099
-0.5289,-0.83137
-0.50122,-0.74929
0.004496,-0.72773
-0.84352,-0.39944
-0.2228,-0.72486
-0.068432,-0.52771
-0.22494,-0.38242
-0.16182,-0.12898
-0.074385,-0.48598
-0.16305,-0.35975
-0.29191,-0.45065
-0.13079,-0.35638
-0.67521,-1.006
-0.47253,-0.78452
-0.1952,-0.71397
-0.04465,-0.4359
-0.41099,-0.87096
-0.71643,-0.50944
-0.65526,-0.71845
-0.64475,-0.23572
-0.076211,-0.79159
0.062934,-0.53839
-0.038304,-0.31655
-0.043172,-0.62619
-0.33343,-0.38647
-0.45746,-0.67628
-0.24568,-0.99015
-0.70737,-0.50299
-0.055856,-0.70057
-0.66039,-0.85484
-0.20651,-0.61841
-0.44422,-0.8094
-0.27239,-0.74427
-0.12704,-0.6297
-0.46869,-0.57896
-0.21798,-0.56069
-0.54689,-0.28873
-0.3267,-0.59992
-0.080437,-0.93131
-0.15877,-0.7696
-0.32936,-0.78667
-0.46565,-0.74195
-0.32664,-0.51957
-0.5787,-0.92097
-0.25908,-0.77807
-0.37423,-0.5371
-0.45301,-0.64634
-0.17887,-0.62606
-0.20052,-0.25202
-0.067206,-0.63858
-0.022072,-0.8413
-0.21416,-0.76622
-0.40305,-0.46232
-0.044301,-0.66815
-0.28964,-0.19776
-0.30395,-0.89875
-0.4942,-0.44428
-0.24626,-0.38896
-0.29994,-0.32773
-0.26782,-0.037384
-0.11763,-0.39133
-0.21115,-0.6117
-0.45375,-0.42774
0.082656,-0.47628
-0.20686,-0.36327
-0.58083,-0.64409
-0.075331,-0.55485
-0.23378,-0.6942
-0.67786,-0.68888
-0.81231,-0.41262
0.085655,-0.49686
-0.22783,-0.69433
-0.43033,-1.0583
-0.52616,-0.34474
-0.5715,-1.0016
-0.27849,-0.6428
-0.17849,-0.93373
-0.76873,-0.42668
-0.80167,-0.23857
-0.20926,-0.43977
-0.60603,-0.52769
-0.46515,-0.59051
-0.75028,-0.41902
-0.33561,-0.74
0.0083086,-0.84155
0.17203,-0.5098
-0.51847,-0.17588
-0.14714,-0.44755
-0.52276,-0.86545
-0.48908,-0.053868
-0.096461,-0.62646
-0.18012,-0.4454
-0.10322,-0.43151
-0.8552,-0.53167
-0.21147,-0.58283
-0.08565,-0.46989
-0.54837,-0.66343
0.090815,-0.63844
-0.087376,-0.58541
-0.50753,-0.56161
-0.41721,-0.65242
0.70776,-0.11705
0.69362,0.21136
0.88796,0.16297
0.80343,-0.32753
1.1333,-0.029212
0.77776,-0.30628
0.71132,0.020933
0.6124,-0.067205
0.87723,0.093831
0.67274,0.31769
0.85094,-0.27826
0.91735,-0.26157
0.99588,-0.14394
0.79161,-0.23852
1.0478,0.031055
0.76183,-0.11272
0.76697,-0.24316
0.61772,0.56219
0.79282,-0.10565
0.61489,0.22108
0.61704,0.11503
0.85166,-0.096186
0.84352,-0.13342
0.67015,0.32212
0.87774,0.14247
0.71142,0.064699
0.69931,0.27187
0.76365,-0.047891
0.70361,0.16001
0.93473,-0.17128
0.99362,-0.15798
0.58219,-0.15734
0.56029,-0.17718
0.66927,0.31479
1.0212,-0.0076429
0.68287,0.19971
0.76245,-0.21621
0.96515,0.094982
0.60482,-0.05649
0.63785,-0.10623
0.80415,-0.16296
0.68369,-0.062945
0.77837,-0.086711
0.73699,0.0023156
0.81028,0.049438
0.7631,0.30664
1.0501,-0.22621
1.1282,-0.075663
0.72553,0.1541
1.0352,-0.19308
1.2646,-0.026712
0.64732,-0.010919
0.6979,-0.088457
0.70179,-0.072813
0.80744,0.10475
0.97877,-0.041511
0.80507,-0.044586
0.69763,-0.33848
0.59389,0.0068979
0.65662,0.082002
0.75531,0.011507
0.69244,-0.020339
0.78106,-0.27407
0.7599,-0.19637
0.71224,0.14324
0.748,-0.17744
0.86685,0.006141
0.68831,0.14758
0.65517,0.07382
0.70726,-0.063469
0.73418,-0.15391
1.0583,-0.31787
0.65493,0.15171
0.91633,-0.35651
0.73536,0.20514
0.53181,-0.127
0.7518,0.081374
0.80445,-0.32064
0.67581,0.35707
0.59932,-0.27164
0.94355,-0.20822
0.8446,-0.14534
0.6699,0.056975
0.71375,0.091394
0.57521,0.31884
0.5485,-0.24189
0.53707,0.048246
0.70518,0.3382
0.72204,-0.20563
0.63339,-0.35033
0.74493,-0.027167
0.43803,-0.24348
0.52995,0.32239
0.46191,-0.095177
0.77443,0.022629
0.852,-0.080991
0.69734,0.16957
0.56794,0.33849
0.80172,-0.244
0.59119,-0.32152
0.69512,-0.10629
0.78775,-0.26361
0.41437,0.22923
0.60174,-0.356
0.63231,-0.17221
0.7437,-0.26896
0.61429,0.093584
0.78132,-0.26338
0.57339,-0.064373
0.62245,0.081027
0.67927,-0.049852
0.73686,-0.18441
0.85721,-0.16016
0.68797,0.18344
0.68866,-0.031459
0.71337,-0.21807
0.89615,0.15644
0.66408,0.0795
0.7612,-0.1146
0.75928,-0.26299
0.70225,0.37083
0.73942,0.044417
0.97082,0.068877
0.65469,0.24768
0.9041,-0.28342
0.68048,-0.15343
0.70676,-0.11665
1.1801,-0.16633
0.97607,0.072211
0.75227,-0.34018
0.90177,-0.32747
0.62779,0.38869
0.62957,-0.085081
0.5719,0.018319
0.76818,-0.18469
0.8244,-0.025559
0.729,-0.048974
0.64809,-0.44116
1.0137,-0.036008
0.33458,-0.29852
0.83495,0.22853
0.53123,-0.11693
0.79534,-0.062877
0.67761,0.042739
0.88387,-0.37387
0.61903,0.25814
0.97617,-0.36559
0.69777,-0.27543
0.83476,-0.19149
0.71858,-0.30989
0.80482,0.07042
0.65762,-0.20079
0.58674,-0.22433
0.59949,0.40569
0.76637,-0.29097
0.7185,0.059758
0.85483,-0.37884
1.0678,-0.41995
0.72757,0.024567
0.61422,-0.48551
0.83764,-0.28842
0.72397,-0.2085
0.71253,0.0081028
0.7798,0.20594
0.69881,-0.16613
0.80175,-0.33962
0.60011,0.056577
0.96314,-0.1604
1.1128,-0.25421
0.67524,-0.22709
0.81894,-0.031988
1.0023,-0.26445
0.80195,0.11521
0.86293,-0.079607
0.83742,-0.24421
0.45688,-0.30529
0.94572,-0.54834
0.69996,-0.2111
0.71994,-0.22879
0.81397,-0.17606
0.7751,-0.40278
0.83153,-0.031839
0.69852,0.3286
0.52834,-0.26593
0.75935,0.10347
0.65557,-0.16244
0.68159,-0.11256
0.73739,-0.0894
0.7278,0.19269
0.53951,-0.19375
1.0617,-0.4418
0.71682,-0.017777
0.80861,-0.17134
0.78711,-0.086407
0.66079,0.28962
0.73919,-0.2035
0.71025,-0.31569
0.86361,-0.023527
0.74081,-0.13216
0.80967,-0.20495
0.592,0.067743
0.74599,0.063019
0.5415,-0.13161
0.70884,-0.50704
0.66213,0.0873
0.72082,0.0041055
0.82794,-0.051035
0.70382,-0.060391
0.90693,-0.13792
0.88548,-0.21856
0.70626,-0.26099
0.82976,0.24621
0.95437,-0.22635
0.82784,-0.02715
0.78176,-0.1051
0.70198,-0.083465
0.68762,-0.16794
0.69622,-0.038861
0.59018,-0.10486
0.6761,-0.06448
0.67305,0.022666
0.7481,0.0034323
0.67497,-0.070729
0.67969,-0.043655
0.69643,-0.21465
0.73297,-0.055815
0.89093,-0.32759
0.6665,0.035859
0.68676,0.25352
0.4142,-0.18782
0.51056,0.34046
0.91855,-0.14036
0.69433,-0.17463
0.81375,-0.14753
0.8005,0.33857
0.87017,-0.24681
0.7902,0.32255
0.69855,-0.025306
0.74238,0.18822
0.67542,-0.22535
0.80251,-0.32925
1.0454,-0.16988
0.70487,-0.0049669
0.95861,-0.24235
0.91152,0.14152
1.0951,0.012929
0.65831,-0.051117
0.83992,-0.11013
0.73403,0.048009
0.71636,0.06609
0.7337,-0.064814
0.77154,-0.24906
0.96568,-0.18387
0.76884,0.29637
0.73216,-0.15047
0.86993,0.18296
0.68471,0.15127
0.64884,-0.06921
0.91925,-0.062523
0.75419,-0.11613
0.81637,0.14873
0.745,-0.13039
0.84446,0.13828
0.72412,-0.10888
0.60889,-0.16456
0.99067,0.16866
0.5964,-0.19409
0.80098,-0.020549
0.63977,-0.0082133
0.73375,0.18505
0.74585,-0.0010145
0.65432,-0.18729
0.78802,0.0053686
0.8964,-0.082074
0.93432,-0.14826
0.70988,-0.26977
0.81833,-0.086534
0.698,-0.054183
0.62995,0.096461
0.6782,0.055874
0.84105,-0.28638
0.79192,-0.035808
0.86344,-0.27641
0.70102,-0.14622
0.84043,-0.087948
0.7522,-0.31918
0.58913,0.05332
0.71502,0.26445
0.71978,-0.30655
0.86417,-0.20897
0.68722,0.043194
0.80341,-0.16397
0.82593,0.049749
0.68745,0.29971
0.85684,-0.34884
0.70385,0.10098
0.68789,-0.13834
0.52081,0.22923
0.61689,-0.096448
0.85199,0.1749
0.67592,-0.025357
0.91043,0.12578
0.81805,-0.10988
0.6365,0.13559
0.80329,0.070762
0.55083,-0.24894
0.87849,-0.26389
0.79243,-0.13276
0.6825,-0.039369
0.64543,-0.20012
0.6345,0.054307
0.68021,-0.039978
0.81926,-0.42115
0.81024,-0.27305
0.96028,-0.21639
0.83825,-0.045373
0.77583,-0.08481
0.88146,0.092549
0.59546,0.036753
0.69323,0.42023
0.66566,0.19625
1.081,0.037661
0.96225,0.015886
0.86885,-0.16824
0.85097,0.075832
0.67285,-0.0051179
0.72796,-0.056173
0.65693,0.1837
0.941,-0.20095
0.6489,-0.066682
0.78359,-0.07867
0.78295,-0.0094152
0.75027,-0.38971
0.62877,-0.12126
0.64634,0.23589
0.99765,-0.17011
1.0344,0.049351
0.57858,-0.080237
0.75551,-0.083726
0.67557,0.14155
0.99044,-0.48276
0.46956,-0.070686
0.71419,0.25256
0.64189,-0.0012136
0.68695,-0.35865
1.1329,-0.25333
0.55031,-0.18687
0.55818,-0.17247
0.76836,-0.046014
0.67367,-0.20077
0.74067,-0.063042
0.65609,-0.08839
0.87005,0.078662
0.99542,-0.065434
0.85017,-0.31693
0.62974,-0.20963
0.8415,-0.30273
0.81769,0.19637
0.85571,-0.22982
0.76331,-0.0058678
0.74331,0.21282
0.80328,-0.19731
0.65426,0.018857
0.73783,-0.41671
0.74447,0.013291
0.71072,-0.058959
0.58907,-0.069508
0.74503,-0.32096
0.87673,-0.11193
0.72534,0.30342
0.71977,-0.19643
0.6424,-0.11523
0.84314,-0.19803
0.66852,0.24721
0.69456,0.093311
0.75416,-0.042154
0.73104,-0.31997
0.77907,-0.010255
0.76291,-0.063748
0.66365,-0.046655
0.91525,-0.27967
0.52236,-0.39061
0.7398,0.50383
0.66174,0.24257
0.81494,0.15796
0.59864,-0.12703
0.64855,0.052516
0.73246,-0.32667
0.6527,0.11906
0.87838,-0.15716
0.72846,-0.092853
0.73693,-0.27378
0.6413,0.26314
0.92757,-0.22643
0.63491,0.13021
0.93996,-0.11631
0.73083,-0.25946
0.60147,0.054461
1.1589,-0.030982
0.76729,-0.1972
1.028,-0.16404
0.63523,-0.1807
0.78968,0.031538
0.81798,0.076891
0.94717,-0.30714
0.80605,0.19078
0.78395,-0.04932
1.097,-0.072852
0.76919,-0.35118
0.59495,-0.16693
0.77445,0.18316
0.81992,-0.17528
0.72716,0.18002
0.94498,-0.16991
0.76899,0.31025
0.6544,0.46225
0.51688,-0.24594
0.71119,0.16264
0.83224,-0.274
0.65516,0.25177
0.81211,-0.28969
0.75873,0.0043837
0.72854,0.062174
0.99611,-0.031311
0.99685,-0.24959
0.65471,-0.18588
0.82583,-0.23342
0.60357,-0.095166
0.83238,0.074752
0.56728,0.21677
0.74818,-0.235
0.77763,-0.096918
0.97315,0.065748
0.91004,-0.076861
0.85099,0.11275
0.63242,0.17826
0.72374,0.14295
0.63741,-0.067694
0.80054,-0.053139
0.7572,-0.009346
0.78897,-0.042943
0.80777,0.22365
0.72985,-0.056911
0.60576,-0.22353
0.75394,0.33733
0.79603,-0.36631
0.70508,-0.14123
0.84121,-0.069349
1.3428,0.01827
0.82102,-0.17298
0.7993,0.096372
0.91673,-0.1947
0.71047,-0.27991
0.74157,-0.13339
0.68747,-0.10068
0.88767,-0.093513
0.88899,-0.13902
0.78659,-0.22167
0.53131,0.023299
0.91181,0.094418
0.6046,-0.12235
0.86652,0.0034677
0.76072,-0.16842
1.0266,0.032486
0.64454,0.21172
0.92358,-0.045819
1.2287,-0.0876
0.87917,-0.1963
0.73122,0.36999
0.83072,-0.1355
0.84054,0.18546
0.76313,-0.063436
0.85971,-0.16549
0.77208,-0.14616
0.80159,0.092614
0.45673,-0.11305
0.6609,-0.2211
0.81679,-0.07363
0.76027,0.20563
1.148,0.13438
0.63941,0.0011972
0.90874,-0.20972
0.66417,0.088824
0.67549,-0.16707
0.72939,-0.42686
0.6339,-0.17087
0.7171,0.37734
0.87051,-0.24134
0.7005,-0.053038
0.58022,0.31749
0.91654,-0.48291
0.75031,-0.1946
1.0077,-0.053884
0.58824,-0.43061
0.96927,0.05149
0.85375,-0.25601
0.76199,-0.3119
0.68472,0.31793
0.64162,-0.11748
0.62917,-0.21934
0.75691,-0.25181
0.95711,-0.11309
0.67753,0.20191
0.64218,0.24882
1.0669,-0.3243
0.82848,-0.17343
0.69216,0.15279
0.74896,-0.07636
1.0077,-0.21429
0.99282,-0.43073
0.89101,-0.06082
0.85843,-0.32167
0.66172,-0.085813
0.77728,0.0012035
0.68203,0.18832
0.83006,-0.19118
1.0169,-0.201
0.85246,-0.062332
0.73506,0.1735
0.94209,0.016674
0.62239,-0.085613
0.79692,-0.32178
0.70561,-0.0792
0.73789,-0.28769
0.83647,0.0059541
0.69486,-0.14066
0.81653,-0.4196
0.55996,0.24231
0.81042,-0.23577
0.79835,-0.23644
0.61831,0.28345
0.84328,-0.17288
0.73617,-0.18542
0.96219,-0.52378
0.57783,-0.11172
0.74605,-0.034715
0.78111,-0.38508
0.6259,-0.21037
0.79939,0.0034999
0.65253,0.15649
0.85051,-0.19848
0.75273,0.05999
0.76001,-0.3006
0.6828,0.35287
1.0688,-0.18553
0.80544,-0.22843
1.0052,-0.20645
0.68844,-0.060547
0.91814,-0.25801
0.78273,0.4305
0.84984,0.67705
0.75613,0.040968
0.75778,-0.14047
0.84644,-0.44353
0.89587,-0.14051
0.5695,-0.23254
0.67005,0.23832
0.71384,0.072762
0.89241,-0.25454
0.58846,-0.43675
0.70079,0.095587
0.88853,-0.17584
0.88413,-0.063714
0.75499,0.15179
0.50967,-0.27665
0.66497,-0.16186
0.67848,-0.25652
0.81933,0.16036
0.80542,-0.502
0.95191,-0.038207
0.74612,-0.1765
0.67874,-0.089808
0.71779,0.081034
0.81419,0.45687
0.45496,-0.32888
0.65716,-0.18885
0.93053,-0.04826
0.64887,0.15936
0.659,0.12391
0.82574,-0.3288
0.911,0.043231
0.73894,0.033464
0.7037,-0.085763
0.54791,-0.16408
0.76148,-0.27055
0.85294,-0.24476
0.83786,-0.33807
1.1794,-0.066165
0.72171,0.24612
0.52383,-0.24072
0.60648,-0.21057
0.6711,-0.11873
0.65008,0.15765
0.69702,-0.22272
0.78335,-0.13306
0.86095,0.14626
0.79085,-0.1842
0.72654,0.063224
0.74396,-0.036845
0.79353,0.098358
0.84343,-0.10053
0.75798,0.0050847
0.73905,-0.099154
0.80727,0.15591
0.6444,0.17332
0.63356,0.49833
0.64989,-0.36348
0.76494,-0.31042
0.80541,-0.014548
0.82259,-0.22791
0.74969,-0.18611
0.69486,0.22445
0.88701,-0.45026
0.64565,-0.27532
0.71358,0.067624
0.61233,-0.13147
0.50006,-0.085111
0.75278,0.23648
0.89977,-0.17564
0.72955,0.1184
0.61224,0.023304
1.0576,-0.11945
0.77594,0.18646
0.94983,-0.062546
0.90863,-0.068895
0.55116,-0.061604
0.5187,-0.13275
0.69517,-0.15592
0.70184,0.38695
0.60539,-0.18431
0.92648,0.20881
0.70578,-0.087784
0.76058,-0.13808
0.71587,0.016904
0.77948,0.11635
0.71171,0.029048
0.71877,-0.51047
0.68174,0.21649
0.63872,0.34147
0.96049,-0.24033
0.68303,0.27434
0.7133,-0.2552
0.66942,0.014121
0.76559,-0.39289
0.71944,-0.47041
0.79559,-0.21522
0.78845,-0.099397
0.56567,-0.15451
0.73703,-0.083498
0.672,0.42934
0.67216,-0.27799
0.87706,-0.045719
0.61815,0.192
0.59441,-0.083559
0.77176,-0.032538
1.0699,0.00014545
0.65621,0.14342
0.87508,-0.17077
1.1145,0.01253
0.92431,-0.13269
0.65092,-0.10029
1.0007,-0.11414
0.9032,-0.2629
0.86137,-0.24939
0.76853,-0.069077
0.84509,-0.23799
0.85383,0.013247
0.74624,-0.25405
0.65306,0.096982
1.1818,-0.064222
0.71267,-0.16611
0.94661,-0.081273
0.68633,-0.032705
0.77159,-0.046877
0.73807,-0.080595
0.64133,0.1803
0.62232,-0.33624
0.88228,-0.41398
0.82518,-0.10013
0.57936,0.12992
0.93583,-0.21016
0.58066,-0.14842
0.97821,-0.28939
0.72576,-0.251
0.6667,-0.053237
1.0253,-0.073488
0.80167,-0.26808
0.61151,0.10505
0.61315,-0.26148
0.62494,-0.31248
0.95512,0.041072
0.82404,0.078872
0.76716,-0.32257
0.87304,-0.14757
0.60322,0.12539
0.66143,0.16802
0.84349,-0.092894
0.68218,-0.0083367
0.67972,-0.15688
0.90993,-0.1465
0.78366,0.0056679
0.62872,-0.34258
0.69307,0.18315
0.71689,-0.16599
0.73632,0.20656
0.62607,0.087078
1.0658,-0.1952
0.4858,-0.37233
0.66095,-0.087457
0.81719,-0.25453
0.76487,0.16897
0.65032,-0.22071
1.1497,-0.090659
0.66078,0.31422
0.86146,0.036345
1.095,-0.051503
0.81929,0.12448
1.0284,-0.44755
0.91846,0.021116
0.87223,-0.066171
0.64845,0.038192
0.8701,0.035234
0.86262,0.30073
0.88221,-0.064262
0.87756,-0.38529
0.78967,-0.3263
0.77602,-0.25421
0.9745,-0.10369
0.76091,-0.27561
0.69197,-0.10374
0.67121,-0.18534
0.61493,-0.035373
0.88785,-0.16987
0.77417,0.12494
0.80385,-0.12512
0.92906,-0.25028
0.86462,-0.1225
0.70762,0.082046
0.64952,0.43406
0.70579,0.24503
0.77867,-0.40001
0.72894,-0.3447
0.83808,0.24767
0.72062,-0.087346
0.64154,0.21604
0.86564,0.021567
0.87585,-0.062629
0.76506,-0.23459
0.77422,-0.20673
0.86979,-0.029515
0.77955,-0.43728
0.91006,-0.21472
0.73292,-0.37019
0.63884,0.20685
0.70684,0.11446
0.84968,-0.27585
0.61874,0.48999
0.73438,0.24073
0.57665,0.23814
0.86625,-0.20831
0.6222,0.22775
0.71867,-0.12841
0.95993,0.22363
0.80825,-0.30302
0.69233,0.019607
0.77129,0.28019
0.89826,-0.11149
0.80835,-0.17689
0.64132,-0.17806
0.70289,-0.021529
0.59927,-0.19494
0.66162,-0.35281
0.40661,-0.30125
0.84606,0.0073101
0.72144,0.010294
0.70089,-0.13526
0.64163,0.30637
1.0843,-0.14434
0.66558,-0.033396
0.75118,0.068374
0.76683,-0.41397
0.72268,-0.33717
0.88487,0.14863
0.74981,-0.087383
0.85421,0.087889
0.63179,-0.099957
0.79305,-0.2535
0.74521,-0.35659
0.89548,-0.24227
0.8291,-0.24283
0.85918,-0.20803
0.8233,-0.21676
0.90682,-0.39359
0.62385,-0.59854
0.64061,0.095235
0.71777,0.13692
0.80406,-0.073239
0.69154,-0.22161
0.71431,-0.27189
0.68492,0.18176
0.47995,-0.12537
0.72094,-0.30369
0.72124,-0.21074
0.5627,0.0068129
0.73581,0.48183
0.70216,-0.35929
0.58665,-0.17478
0.92327,0.13537
0.64617,-0.059746
0.54095,-0.11093
0.77761,0.026296
0.81626,-0.058514
0.76216,0.080282
0.59108,-0.61964
0.74356,-0.07885
0.97369,-0.18335
0.78734,-0.14021
0.73479,-0.036313
0.56897,-0.18467
0.67423,0.45003
0.73907,-0.16445
0.68287,0.26905
0.69546,-0.53872
0.76361,-0.19926
0.46388,-0.2372
0.79553,0.11327
0.66535,-0.1503
0.65863,-0.39306
1.0247,-0.10056
0.69612,-0.25118
0.44348,0.36896
0.75007,0.026788
0.73563,0.16984
0.77225,-0.29819
0.70375,0.03902
0.61551,0.1053
0.86134,0.15888
0.72446,-0.0021277
0.66709,-0.11585
0.724,0.14468
0.65827,-0.057341
0.70938,0.015568
0.97143,-0.20959
0.73582,0.30242
0.59794,0.22547
0.8627,-0.074968
0.80616,-0.36584
0.69198,-0.063241
0.76964,-0.31444
0.75938,-0.16244
0.61042,-0.22431
0.69073,-0.21968
0.6825,0.021257
0.72956,-0.19492
0.68651,-0.3723
1.005,-0.52624
0.69317,0.0080165
1.0464,-0.057739
0.76748,0.10018
0.76138,0.23552
0.8223,-0.24457
0.79851,-0.15171
0.47139,-0.49743
0.97367,-0.32629
0.58448,0.21938
0.63835,0.15166
0.60922,-0.23781
0.64723,-0.20536
0.72323,0.14057
0.69835,-0.06581
0.73243,-0.28451
0.58065,-0.18786
0.66849,0.035518
0.57321,0.28193
0.76023,-0.14324
0.80796,0.37002
0.89565,-0.52585
0.7478,0.15404
0.8193,0.39059
0.67819,-0.051941
0.84872,0.016214
0.71345,0.36711
0.72846,-0.49988
0.8934,-0.13102
0.68655,-0.096523
0.61283,0.10701
0.52232,-0.1764
0.63544,-0.32904
0.5199,-0.16558
0.68007,-0.047318
0.99524,0.069229
0.72444,-0.25807
0.8999,-0.22686
0.70806,0.055754
0.78567,0.034619
0.80033,0.27082
0.97154,-0.11318
0.75667,0.25937
0.70747,-0.14429
0.78417,-0.097259
0.59407,0.31447
0.79132,-0.01018
0.48621,-0.21521
0.73463,-0.013753
0.7232,-0.2057
0.71089,-0.13467
0.95271,-0.018323
0.70317,-0.2486
0.70084,0.48188
0.78985,0.01936
0.85572,0.22786
0.62542,-0.023952
0.71681,-0.22414
0.71012,-0.0093824
0.68541,-0.071642
0.69481,0.098776
0.8169,-0.11308
0.6897,-0.22756
0.74562,0.053176
0.72095,-0.12491
0.47486,-0.24596
0.93989,-0.2183
0.65619,-0.17282
0.82277,-0.26831
0.88456,-0.08769
0.69581,-0.1752
0.84655,-0.34218
0.90084,-0.12327
0.72226,-0.23318
0.75305,0.14288
0.84426,0.20046
0.5729,0.142
0.50336,-0.35031
0.73197,0.044144
0.67416,0.38958
0.88012,-0.00058405
0.74215,-0.18447
0.7435,-0.074049
0.92524,0.052987
0.81653,-0.20621
0.67591,-0.083534
0.83656,0.0063904
0.59285,-0.17597
0.75861,-0.19405
1.1421,0.018484
0.77763,0.29633
0.83203,-0.050251
0.71564,-0.19135
0.81916,-0.16611
0.82298,-0.24005
0.66006,0.20233
0.72946,-0.17478
1.1324,-0.061577
0.69881,-0.10598
0.57174,-0.092531
0.66264,-0.32669
0.69854,-0.19127
0.692,-0.10028
0.64683,-0.17515
0.81356,-0.027151
0.61551,0.027612
0.61219,-0.22166
1.0442,-0.060943
0.57372,0.40236
0.67451,0.27167
0.64176,-0.11466
0.95895,-0.28733
0.77615,-0.16663
0.61511,-0.12395
0.64981,0.17507
0.67333,-0.042948
0.7598,-0.20874
0.79663,-0.081674
0.90421,-0.15816
0.88069,-0.29379
0.6353,-0.099886
0.66854,-0.17112
0.72944,-0.29414
0.83545,-0.07139
0.71809,0.29294
0.73225,0.47911
0.61616,-0.19011
0.62886,-0.2559
0.80705,-0.26931
0.7035,-0.24734
0.98428,0.01271
0.94208,0.10388
0.83385,-0.10614
0.76769,-0.12269
0.67533,-0.14443
0.84265,0.00063376
0.67348,0.1972
0.58933,-0.41785
0.9761,-0.2924
0.70514,-0.10047
0.6511,0.12193
0.67306,-0.23824
0.77375,-0.11582
0.67973,0.034491
0.67283,0.12282
0.018411,1.057
0.20071,0.93673
-0.062501,0.49201
0.029591,0.72976
0.12237,0.73875
0.22249,0.4823
-0.52775,1.1117
0.39589,1.0987
-0.63276,1.1856
0.41687,0.74689
0.34728,0.6004
0.46453,1.0701
-0.27227,1.5429
0.084048,0.92131
0.20354,0.88487
0.026387,1.3143
0.83915,1.1999
0.034797,1.3765
-0.071714,1.3357
-0.0050896,1.2478
0.27412,0.92982
-0.093324,0.64951
-0.088253,0.65466
0.38276,0.66926
-0.2996,1.2535
0.23472,0.8589
0.76113,0.60338
-0.082336,1.1161
-0.37959,1.3119
0.25784,0.7973
0.40727,0.86608
-0.19122,1.3394
0.50072,0.87504
-0.26225,0.60481
0.070439,1.0451
0.18527,1.1686
-0.23032,0.83837
0.29086,1.1067
0.2883,0.83706
0.49259,1.0157
0.11149,0.36048
-0.099206,1.225
0.27529,0.65632
-0.3061,1.2904
0.56344,1.266
0.36761,0.75705
0.42764,0.97268
0.037143,0.70872
-0.18365,0.95287
0.0787,1.0536
0.068265,0.83583
0.37923,1.0126
0.16669,1.2468
0.35345,1.0914
0.075822,1.0361
0.44025,1.2413
0.59351,1.2157
-0.11641,1.3459
0.027069,1.0173
0.52424,1.0392
0.33133,0.59174
0.2554,1.5612
0.10523,1.2304
-0.21386,0.58949
0.10869,1.2774
0.30737,0.92965
-0.0061331,0.82554
-0.30811,1.1228
0.63537,0.80015
0.45062,0.76077
0.41708,0.96977
0.22286,0.97334
0.26514,0.77169
0.17584,1.1302
0.06356,0.65684
0.16498,0.79774
-0.22883,1.3429
0.074737,1.217
0.038633,0.88171
0.38755,1.1483
-0.10028,1.0166
0.61367,1.0375
-0.098252,0.42715
0.12475,0.74548
-0.13882,1.0975
-0.013956,1.2893
0.57592,0.95
0.10353,1.1368
0.52279,0.80068
-0.1774,0.74595
-0.14826,0.72785
-0.099259,0.698
-0.15894,0.98181
-0.28172,1.1423
0.43776,0.74373
0.23138,0.68218
0.042012,1.038
0.28335,1.1078
-0.20572,0.80523
0.043481,0.82714
0.22619,0.79115
-0.31274,1.776
0.17029,0.69354
-0.15557,1.3767
-0.089708,1.242
-0.307,0.99994
0.50942,1.1503
-0.39106,0.7345
-0.5056,1.1123
0.48153,1.1776
0.32671,0.64842
0.053305,1.0856
0.44807,1.2027
0.016541,0.85927
0.09935,0.65998
0.15098,0.68222
-0.22298,0.95844
-0.10063,1.0259
0.48801,1.4399
0.0033518,0.93405
0.052772,1.01
0.028345,1.1494
-0.35398,0.91506
0.25785,1.0921
0.32583,0.85019
-0.11449,1.2762
0.51627,1.2064
0.61249,0.58352
0.86278,0.95757
0.52391,1.2766
0.31621,1.2815
0.80187,0.85641
0.34625,1.4725
-0.047273,1.0604
0.2923,1.0235
0.21972,1.3887
-0.13984,1.071
0.035521,1.3985
0.73643,0.89319
0.36855,0.87763
-0.19785,0.69366
-0.49356,1.1261
0.28695,0.65744
-0.038274,0.88886
-0.22807,0.94086
0.58027,0.73405
-0.14263,0.78763
-0.15072,1.1218
-0.16552,0.90126
0.40609,1.0041
0.13596,0.95374
0.25854,1.0085
0.73881,1.2522
0.39803,0.74845
0.37441,1.1329
0.040131,1.2544
0.51355,1.3048
-0.15897,1.1636
0.23325,0.7959
-0.14158,1.5957
0.22005,1.19
0.068436,1.1738
0.71242,0.8156
0.13854,1.0635
0.23127,1.0754
0.5104,1.2141
0.5491,1.2594
0.3203,0.95672
0.094532,0.654
-0.029487,1.2503
0.016747,0.98247
0.61444,1.2382
0.082081,0.55327
0.27962,0.62155
-0.12223,1.4561
0.2402,0.67304
0.16982,1.2445
-0.086463,1.0976
0.16577,1.0635
0.1251,1.0947
0.13466,0.76618
0.42405,0.7922
-0.17218,0.7938
0.3418,0.7481
0.49745,0.72683
0.14661,1.1798
0.53357,0.67748
-0.2085,0.87083
0.22387,1.0715
0.47133,0.37232
0.18236,0.68178
0.35453,1.1114
-0.019959,1.3191
-0.37763,1.3382
0.33493,0.60345
0.1376,0.63041
-0.36791,0.65412
-0.33141,0.96486
0.062439,1.3379
0.2052,1.3606
-0.40111,0.90986
0.11583,1.3416
0.28093,1.1028
0.14654,1.0065
0.3802,0.82397
0.24566,0.84668
-0.18872,0.96827
-0.23575,0.9851
0.33937,1.1502
0.30973,0.94147
0.19728,0.98257
0.38865,0.74386
0.030113,0.92305
-0.0027993,0.86107
0.023895,1.2642
0.21976,0.99682
-0.51976,1.0158
0.19403,1.012
0.32745,0.43604
-0.80558,0.97857
0.30386,1.0019
0.49063,0.88013
0.29801,0.99547
-0.22218,0.53313
-0.26134,0.86146
0.10433,1.2454
0.23292,1.0438
0.36368,0.58156
0.099464,1.1116
-0.2136,0.71629
0.28632,0.94182
0.36729,1.1879
0.11462,0.89671
0.073842,1.3217
-0.33001,0.56713
0.089416,0.69777
0.2496,0.85034
0.15782,0.40487
0.26285,1.1385
-0.22856,1.1321
0.025933,1.5657
0.12541,1.2165
0.20503,1.2924
-0.55575,0.76775
-0.037151,1.2446
0.030602,1.1141
0.04959,1.0822
0.15502,1.3855
-0.031858,1.2306
0.036548,1.1532
0.52939,1.0569
0.48863,1.0215
-0.22466,0.44616
-0.21716,0.93797
-0.085497,1.0247
-0.37763,1.1659
0.027156,0.81224
0.083884,0.94397
-0.58428,1.1095
0.47442,1.5906
0.68505,1.1234
-0.11127,0.5301
0.59821,0.65896
0.66018,0.74292
-0.20139,1.0113
-0.039598,0.80605
0.16716,0.68116
0.098332,1.2698
0.30809,0.81795
0.082195,1.1203
-0.071002,0.87202
0.15983,1.1777
0.26753,0.69835
-0.2063,0.95167
0.090309,0.88979
0.25215,0.81923
-0.33973,0.80546
-0.032142,0.6508
0.18719,1.3953
0.33704,1.0031
-0.056464,0.50519
0.33259,1.0835
0.40781,0.85214
0.23088,0.86996
-0.074919,1.0917
0.31553,0.62159
0.11656,0.75782
-0.089883,1.2975
0.15714,0.63386
0.12722,0.91799
0.15169,1.1514
0.040963,0.93945
0.23378,1.1369
-0.19451,0.76575
0.15037,0.92681
0.48869,0.94189
-0.69081,0.93541
0.32431,0.62365
-0.15017,1.1019
-0.75438,0.74884
-0.057619,0.64919
0.55474,1.5537
-0.07605,0.88241
-0.16793,1.0863
0.084562,0.75412
0.63813,0.65372
-0.041989,1.2098
0.19522,1.3775
0.50862,1.1174
0.42553,0.87084
-0.3889,1.2342
-0.095813,1.2073
0.50451,0.98767
0.05285,0.66134
-0.37106,1.2193
0.29186,1.0078
0.06242,0.34414
0.41071,0.68802
0.20786,0.95672
-0.26541,0.86503
0.087039,1.226
0.60451,0.5688
-0.22833,0.81918
0.067673,0.9438
-0.40509,0.60767
0.33426,1.4
-0.22751,1.1489
0.0052276,0.78133
0.38979,1.5156
0.56103,1.233
0.0216,1.2402
0.23685,0.7772
0.095912,1.0209
0.75081,0.34925
-0.25183,0.84551
0.61591,1.4335
0.13137,1.0609
-0.10478,0.98231
0.48152,0.93473
0.30631,0.75871
-0.0058636,1.2341
-0.059181,1.0825
0.47295,1.1025
0.15555,0.58586
0.22633,0.68586
0.44435,1.1339
0.30071,1.2047
0.1224,1.1106
0.3464,1.0515
-0.11727,1.3437
0.27994,0.75422
0.071743,1.1289
-0.62764,0.80535
0.16526,0.86836
-0.31485,1.3131
-0.037636,1.2672
0.49664,1.0167
-0.0022968,0.74858
-0.0047251,0.70378
0.13046,0.71485
-0.25909,1.5515
0.1124,0.84518
-0.032517,0.81681
0.3773,0.90537
0.15143,0.56311
0.52531,0.68575
0.013395,0.43171
0.14182,0.28596
0.12773,0.93695
0.45604,1.2311
0.52103,1.3286
0.30346,1.012
-0.3317,1.093
0.52469,0.6816
0.17068,0.39107
-0.080576,0.80022
0.06122,1.0831
-0.016701,0.7322
0.27231,0.77651
0.50276,1.1954
0.48443,1.0261
-0.12718,1.0345
0.73913,1.1082
0.13916,0.49656
-0.16851,1.2379
0.3527,0.96862
0.73417,0.85887
0.35433,0.65017
-0.051198,0.13062
-0.79792,1.1675
0.30677,0.96304
-0.11132,0.93946
0.055848,0.95767
0.17701,0.73416
0.4048,0.59497
-0.041162,0.58673
0.44291,0.78849
0.068843,1.0562
0.223,1.2572
0.28184,0.50647
-0.05731,1.2063
-0.03287,0.95301
0.012811,1.5337
0.26231,1.186
-0.061316,0.89519
0.26353,1.106
-0.45164,1.0024
-0.20568,0.84009
-0.45217,1.1611
0.017064,0.89218
0.035031,1.1507
0.58413,1.0911
0.24934,0.59846
-0.21883,1.1184
-0.18219,0.73542
0.24454,0.916
0.12987,1.0662
0.56542,0.96842
0.24725,0.96685
0.051874,1.2561
0.17491,0.90283
-0.23955,0.82533
-0.21702,0.87884
0.045462,1.1539
0.37208,1.293
0.089807,0.96225
0.15267,0.79822
0.30743,0.87095
0.00966,0.96499
0.037398,0.87783
-0.62691,0.33309
0.29011,0.80236
0.1385,0.82404
0.1776,0.82349
0.074755,1.4446
-0.27509,0.42179
0.58288,0.91023
0.43195,1.0294
0.0055171,0.66833
0.61701,0.95433
0.31311,1.0089
-0.24802,0.9932
0.3801,1.127
0.29739,1.3195
0.43023,1.0083
0.031875,1.0259
-0.21259,1.4259
0.098773,0.6905
0.42657,1.3427
-0.0099923,1.0167
-0.17578,0.63665
0.09363,1.1209
0.80872,1.1932
0.25839,0.83975
0.49947,0.95816
0.19302,0.96336
0.15511,0.99344
-0.27455,0.87944
-0.36291,1.0556
0.28609,0.92115
0.20602,1.0151
0.082647,1.0703
-0.018428,0.59747
0.45834,1.1314
0.0045153,1.0755
-0.12469,1.4711
0.42022,0.77349
-0.2563,1.3417
-0.31063,0.51959
0.33731,0.96707
-0.010404,0.76115
0.1805,1.2955
-0.19197,1.1943
0.26801,0.88912
0.1394,1.1346
0.18613,1.1872
-0.18704,1.2685
-0.24301,1.2083
-0.50395,0.4677
0.41016,0.71658
0.65234,0.81895
-0.21754,1.2301
-0.057359,1.1505
0.049165,0.97496
-0.16563,1.104
0.33269,0.80272
-0.11047,0.68269
0.15462,0.77053
-0.047459,1.1965
0.035056,0.73645
-0.19186,0.98109
-0.66725,0.67296
0.35769,0.82715
0.37905,1.2804
-0.093796,0.96625
0.26285,1.0898
-0.15926,0.94717
-0.02776,0.88598
-0.14383,1.2773
-0.079923,1.07
0.23988,1.3541
0.3257,0.5322
-0.20208,0.92621
0.12883,1.1027
0.23199,0.30066
-0.62194,0.89193
-0.040155,1.1305
0.048757,0.62571
0.41116,0.6653
0.030023,1.1647
-0.097832,1.312
0.34017,1.1306
-0.55943,0.88202
0.28174,0.83406
0.38102,0.82289
0.029572,1.1139
0.15036,1.0177
0.33623,1.0728
0.45489,0.42516
-0.13815,0.84303
-0.2184,0.54051
0.57288,1.1281
0.27844,1.4869
-0.24459,1.0089
-0.40804,1.4973
0.02986,0.59559
0.70714,1.3115
0.17443,0.66535
0.11226,0.76821
0.31733,0.86187
0.017279,1.0958
0.24793,0.96951
0.13948,1.1674
0.43411,0.79906
0.15968,1.0065
0.052984,1.0647
0.45415,1.2552
-0.11673,0.50507
0.33327,0.50967
0.14943,0.64544
0.35095,0.58549
-0.16995,0.88043
0.27301,1.4504
0.068631,1.2265
0.23085,0.93458
-0.26182,1.2303
-0.27805,1.3004
0.066223,0.90706
0.16758,1.0328
0.1565,0.82387
0.063379,1.2188
0.21782,1.002
-0.43995,1.0625
0.41617,1.401
0.15057,0.72349
-0.19611,1.1136
0.32605,0.90084
0.23913,1.4184
0.53038,1.3724
0.38891,0.72552
0.043317,0.70823
-0.23498,0.80833
-0.54932,0.86164
-0.16949,0.71408
0.60808,0.50496
0.72671,1.4471
0.33724,0.89128
0.68541,0.89737
0.47793,0.92754
-0.10404,0.91951
0.16383,1.1133
-0.23082,1.0221
0.26475,0.71162
0.19472,0.92855
0.18091,1.0325
0.24042,0.90741
0.34133,0.83985
-0.13337,0.13288
0.76453,1.0849
0.09406,1.0967
0.13311,0.90291
-0.030802,1.3006
0.50959,0.77505
0.83512,1.2747
0.25377,0.743
0.42175,1.0609
0.3592,0.87496
-0.12702,0.92448
-0.48733,1.047
0.11963,0.70088
0.11617,1.0934
0.24521,1.1212
-0.035857,0.8875
0.080082,0.81153
0.16078,1.0703
0.2491,1.1975
0.35486,0.65034
-0.10592,0.48506
0.29818,1.2691
0.20589,0.64863
0.35509,1.4094
-0.22116,0.75199
0.34291,0.84544
-0.035168,0.95849
0.044579,1.3269
0.090004,0.98007
0.40573,0.99563
-0.14374,1.2333
0.26038,0.88938
-0.29917,0.8846
-0.18897,1.4663
-0.13966,1.2169
-0.2799,1.3823
-0.24001,1.1488
-0.54431,0.26366
0.10804,0.89412
0.17404,1.2435
-0.018811,0.80286
0.032136,0.94009
0.022588,1.0802
-0.11157,1.2471
-0.0538,0.85924
0.4082,0.94912
-0.41256,1.2393
0.0059905,0.78398
0.72812,0.60681
0.23841,1.2296
0.37216,0.85081
0.14653,0.8847
-0.046401,0.56987
0.036592,0.63746
-0.55413,0.75008
-0.026449,1.0328
0.35486,0.7418
0.18653,0.98907
0.094806,0.96264
-0.012488,1.3538
0.41367,0.36181
0.052987,1.1027
0.057038,0.16741
0.28767,0.96654
0.033227,0.72822
0.14084,0.81492
0.68277,0.80173
0.13392,0.91346
-0.071243,1.3307
0.54956,0.58602
0.51667,1.1133
-0.064339,1.1054
0.81516,0.94175
-0.24789,0.51061
-0.19228,1.028
0.35684,0.68534
-0.18363,0.50977
-0.20379,1.1349
0.55048,1.2695
0.019173,1.2479
0.23927,1.011
0.6814,0.97058
-0.054136,1.1719
-0.19233,0.94461
0.41885,0.97332
0.55378,0.59601
-0.055494,1.3548
0.52442,0.74336
0.44295,1.1058
-0.027164,0.88703
-0.27443,0.83665
0.082983,0.76579
0.068501,1.001
0.1382,1.0099
0.27455,0.55749
-0.43865,1.0572
0.19062,0.89677
0.18335,1.3138
-0.13878,1.064
0.15661,1.3072
-0.23883,0.68822
-0.3559,0.97197
0.22244,1.5458
-0.10823,1.1814
-0.3028,1.0343
0.033127,0.59313
-0.006247,0.66912
0.1734,1.3451
-0.034892,1.4036
0.19677,0.76984
0.10876,1.0398
0.57767,1.3291
0.067142,1.0738
0.01272,0.84532
-0.03294,0.99831
0.22895,1.0282
-0.34417,0.82206
0.33162,1.0433
0.20332,1.393
-0.10989,1.117
-0.0089065,0.89709
0.30026,1.0615
-0.099507,0.74996
0.25347,1.0036
0.582,0.74777
0.35931,1.1327
0.18973,1.114
0.1377,0.93842
-0.047917,0.88519
-0.036407,1.1531
-0.029977,0.76474
0.010102,1.0154
0.40479,0.71025
0.17662,0.78359
-0.22945,1.1496
0.33561,0.66572
0.026024,0.47785
0.12156,0.86189
0.39969,0.99997
0.13508,1.0466
-0.20481,0.55832
-0.073145,0.90139
0.44305,1.0665
0.14595,1.2566
0.31046,0.31586
0.013633,0.45571
-0.043061,1.545
0.40881,1.2303
-0.093651,0.80235
0.4746,0.90398
0.1832,0.56524
0.40239,0.78824
0.099066,1.4477
0.095943,1.0733
-0.085588,0.79819
-0.13179,0.67353
0.079394,0.953
0.22561,0.86935
0.25962,0.74847
0.33846,0.78947
0.019157,1.2105
0.31311,0.81217
-0.0054055,1.2231
-0.5157,0.75712
0.096278,0.57862
0.31833,1.0723
0.27796,0.82948
-0.22252,0.9855
0.31015,0.75671
-0.30942,0.94442
-0.14568,0.64461
0.23098,1.1013
-0.20647,0.86653
0.10219,1.1989
0.7441,0.92587
-0.074787,1.0404
0.51379,0.91723
-0.41231,0.98381
0.021508,0.65774
-0.25139,0.95451
-0.052265,0.4634
0.078307,1.494
-0.36409,0.57032
0.01874,1.0406
-0.47462,0.32121
-0.50059,1.0341
-0.18431,0.92498
0.070692,1.5104
0.23948,0.6621
0.035318,1.4584
0.22612,1.0998
-0.11347,1.3156
-0.0066483,0.8916
0.14279,0.59565
0.35127,1.3643
0.0050621,0.94043
0.06406,1.3996
-0.35572,0.94003
-0.22285,0.96106
0.2277,1.3189
0.092027,0.87622
0.21484,0.54357
-0.65195,1.5278
-0.17256,1.333
-0.38769,1.2796
0.35954,0.57036
0.25404,1.1544
-0.17077,1.0216
0.11996,1.1524
-0.12624,1.172
0.40291,0.84829
0.079268,0.95067
0.37144,1.2016
0.13577,1.3411
-0.48579,0.94251
-0.2311,1.2364
0.5016,1.2309
-0.072586,1.2246
0.34009,1.4384
0.14185,1.187
-0.060658,1.5587
0.22375,0.81511
-0.033366,1.2696
0.0057867,1.1437
0.0054562,0.75029
-0.64369,1.021
0.57256,0.80468
0.056257,0.97589
0.57872,0.98392
0.41311,0.81886
-0.23643,0.52325
-0.20532,1.3157
-0.41028,0.7159
-0.16893,0.84776
-0.19282,1.1405
-0.27342,0.93983
-0.37646,1.4363
0.43072,0.81553
0.21328,0.62949
0.37125,1.1497
0.48169,0.89824
-0.33114,0.28206
-0.33793,1.0054
0.58841,1.2961
-0.6636,0.37569
0.5269,0.72651
0.22741,1.0321
-0.13228,0.71818
-0.11969,0.82623
-0.16969,0.99366
0.23371,1.1204
-0.27909,1.1317
-0.077107,0.99861
0.32036,1.0364
0.35017,1.2817
0.022473,1.2456
-0.12171,1.2231
0.099683,0.61578
-0.16117,1.1445
-0.19597,1.3666
0.15382,0.59803
0.55016,0.73052
-0.012029,0.74287
0.29348,0.80937
0.096503,1.0618
0.11901,0.58001
-0.011453,0.62559
-0.10084,1.1288
0.40476,1.0749
-0.0012194,0.73338
-0.023015,0.96719
0.36382,0.70412
-0.37126,1.0636
-0.13612,1.2024
0.52979,0.71933
0.26431,0.68981
0.39405,0.63733
0.25418,0.55201
-0.060227,0.95986
0.76716,1.3752
-0.12863,0.89183
0.26754,0.98178
-0.29341,1.3402
0.19061,0.77122
-0.17173,-0.10287
-0.07767,0.74255
0.4939,1.0225
0.30683,0.62075
0.55091,0.80482
-0.0050285,0.67772
0.10407,0.38167
0.25098,1.0327
-0.60952,1.2228
0.00079173,0.92151
0.35411,0.88113
0.45054,0.66064
0.54791,0.72422
0.29097,0.45839
-0.16729,0.94319
0.44427,1.5325
-0.3633,0.70372
-0.4448,0.93231
-0.1459,0.80912
-0.021503,0.95526
0.44157,0.94729
-0.28536,0.52029
0.079996,0.89386
-0.10508,1.3887
-0.11492,1.2086
0.27543,1.3796
0.19014,1.248
0.35298,0.78333
-0.045823,1.2176
0.22487,1.2645
0.1074,0.67107
-0.092698,0.78732
-0.4462,1.248
0.25633,0.68454
-0.45881,0.82479
-0.17475,0.84959
0.12398,1.0848
0.092054,1.1334
0.022978,1.087
0.064415,0.96101
-0.28948,0.63521
0.27607,1.3277
-0.64473,1.0415
0.18088,1.5324
0.30535,1.2294
0.031326,0.89249
0.28849,1.3973
-0.53711,0.72263
0.024101,1.0075
-0.12585,0.87376
-0.015328,0.71372
0.37593,1.1907
0.49834,1.0798
-0.56482,0.63328
0.10379,1.1895
0.29869,1.4886
-0.1193,1.2121
0.44793,0.6308
0.21115,1.0527
-0.13708,1.0683
0.3494,1.1154
0.022314,0.92612
0.28251,1.513
-0.085138,0.95328
-0.10179,1.0925
0.39467,0.48767
0.15131,0.68239
0.04019,0.60303
0.26307,1.0053
-0.094328,1.0692
0.04764,0.60673
0.21671,0.49311
-0.11048,1.0922
0.25652,0.70074
-0.42527,0.91856
0.43658,1.3839
0.33879,1.0558
-0.14828,0.62948
-0.34327,0.31639
0.020158,0.75654
0.32312,0.81996
0.065049,0.074022
0.074276,0.85519
0.08296,1.4644
0.019081,0.82144
0.13513,1.1178
0.19225,0.84071
-0.011184,0.74148
0.056537,0.75971
-0.033433,1.2884
-0.15313,1.1973
-0.16771,0.64502
-0.13574,1.1873
0.24409,0.84238
0.7951,0.65509
-0.18409,1.2418
0.57756,1.2379
0.1327,0.75183
0.42816,0.77085
0.1117,1.3157
0.19759,1.0673
0.14389,1.008
-0.045552,1.0141
-0.15792,0.62326
-0.12008,0.93337
0.64846,0.86471
0.12147,1.3305
0.066034,0.98812
0.1101,0.61661
0.14279,1.2574
-0.30134,1.1532
-0.60137,0.6337
-0.60269,1.1714
0.24367,0.96643
-0.16423,1.3441
0.17266,1.0902
0.28155,1.138
-0.2075,0.96008
-0.40575,1.096
0.6599,1.064
0.35418,0.6973
0.16146,0.88844
0.25602,0.48882
0.0027265,1.1341
0.37515,0.64663
0.85153,0.95563
0.0074946,1.0054
-0.13963,0.80793
0.61288,1.1335
0.27572,1.2692
0.38796,1.0934
0.026602,0.47781
-0.16819,0.85371
0.4364,1.3261
-0.6021,1.0101
0.14658,0.8741
0.20269,1.2014
-0.23661,0.97045
0.10344,1.1439
