-1.0196,-1.1371
-1.2206,-1.3903
-0.94073,-1.3875
-0.89602,-1.4307
-1.0354,-1.2947
-1.1218,-1.3185
-1.0266,-1.3291
-1.2395,-1.0969
-1.0858,-1.2606
-0.96975,-1.4868
-1.1767,-1.0677
-1.3782,-1.407
-0.89148,-1.4729
-0.92594,-1.233
-1.0904,-1.5611
-1.4669,-1.3976
-1.017,-1.4456
-1.0844,-1.2593
-0.96205,-1.4928
-1.0829,-1.3761
-1.2305,-1.3465
-1.1305,-1.2389
-1.2026,-1.2718
-0.72911,-1.2953
-1.1444,-1.5205
-1.0387,-1.1901
-1.0935,-1.1932
-1.008,-1.2549
-0.94785,-1.4189
-0.94662,-1.1487
-0.95285,-1.5258
-1.1633,-1.1954
-0.9456,-1.2572
-1.0403,-1.4009
-1.0771,-1.2951
-1.0002,-1.475
-0.93018,-1.1155
-1.0264,-1.3344
-1.0754,-1.3825
-1.0807,-1.3855
-0.83494,-1.2111
-0.98472,-1.2034
-1.0103,-1.3015
-1.2017,-1.3383
-0.92469,-1.3434
-1.025,-1.4368
-1.1854,-1.3824
-0.92903,-1.4284
-1.1275,-1.2405
-1.1204,-1.4198
-1.2203,-1.3985
-1.6603,-1.6503
-0.95808,-1.1069
-0.96116,-1.2576
-0.97444,-1.2273
-1.0931,-1.3908
-1.0288,-1.0391
-1.1645,-1.2552
-1.0072,-1.2908
-1.1741,-1.1858
-1.0324,-1.3263
-1.1329,-1.0935
-1.2112,-1.149
-1.1158,-1.1877
-1.2162,-1.221
-1.3141,-1.2822
-1.051,-1.386
-1.1619,-1.441
-1.0049,-1.3113
-1.0465,-1.1849
-1.0923,-1.2656
-1.2546,-1.0402
-1.1652,-1.2567
-1.0231,-1.3167
-1.064,-1.3325
-0.95046,-1.178
-0.98834,-1.0094
-0.99167,-1.4469
-1.0636,-1.2117
-0.81079,-1.3467
-1.2233,-1.1166
-0.85924,-1.2846
-1.0869,-1.245
-1.0163,-1.3357
-0.89422,-1.2899
-1.0718,-1.2031
-1.1195,-1.2574
-1.0819,-1.0283
-1.1731,-1.3866
-0.88679,-1.2974
-1.0261,-1.2617
-1.1911,-1.3035
-0.96612,-1.225
-1.0175,-1.3204
-1.021,-1.1666
-1.0217,-1.3801
-1.1017,-1.4124
-1.0752,-1.3151
-1.082,-1.2797
-0.93891,-1.2076
-1.0736,-1.2027
-1.0112,-1.3434
-1.3102,-1.4873
-0.87939,-1.5324
-0.91189,-1.0737
-1.0193,-1.15
-0.87358,-1.347
-1.346,-1.3414
-0.99279,-1.4974
-0.93171,-1.1169
-1.1736,-1.5924
-1.1917,-1.2241
-1.0773,-1.3282
-0.94278,-1.2744
-0.9282,-1.3549
-0.91615,-1.2005
-0.94634,-1.1651
-1.0139,-1.3128
-1.2016,-1.2909
-0.78055,-1.5291
-1.0755,-1.1148
-1.0655,-1.4383
-1.0767,-1.3711
-0.90236,-1.2605
-0.89288,-1.3454
-0.92068,-1.2601
-0.98778,-1.1216
-0.90522,-1.4036
-0.92987,-1.5782
-1.0711,-1.1965
-0.80372,-1.404
-1.1043,-1.3988
-1.0237,-1.3971
-1.1786,-1.2648
-1.1086,-1.3457
-1.001,-1.3648
-0.84573,-1.4635
-1.1141,-1.2949
-1.394,-1.4138
-0.96677,-1.2858
-1.1238,-1.1482
-1.2543,-1.3532
-1.0422,-1.2487
-1.0942,-1.4381
-1.1046,-1.3622
-1.1672,-1.195
-1.0665,-1.3138
-1.2535,-1.1945
-1.1194,-1.027
-0.91173,-1.4845
-1.3669,-1.2095
-1.0915,-1.4353
-0.94017,-1.3118
-1.2051,-1.3701
-0.98505,-1.2241
-1.1973,-1.3722
-0.93457,-1.2782
-1.2023,-1.1512
-0.94818,-1.4129
-1.1979,-1.3784
-1.3987,-1.4815
-1.0544,-1.2314
-1.2861,-1.2944
-0.90864,-1.3941
-0.93572,-1.1889
-0.78943,-1.2174
-1.1156,-1.4572
-1.2573,-1.1923
-1.1523,-1.4088
-1.0985,-1.5557
-1.0126,-1.3806
-1.0945,-1.4232
-0.93203,-1.1388
-0.8907,-1.2535
-0.98482,-1.3341
-0.95516,-1.1042
-1.1037,-1.3937
-1.3995,-1.4108
-1.0656,-1.27
-1.1421,-1.1739
-0.84009,-1.3808
-1.2985,-1.2339
-0.91364,-1.4127
-1.0598,-1.2834
-1.1121,-1.2661
-1.22,-1.3085
-1.0927,-1.3506
-1.1636,-1.1819
-1.0988,-1.2571
-0.88756,-1.3455
-1.3005,-1.4222
-1.1481,-1.3425
-1.288,-1.2773
-1.0715,-1.2865
-0.98385,-1.2659
-0.95045,-1.6008
-1.1508,-1.0443
-0.95184,-1.1062
-1.0609,-1.3745
-1.2015,-1.4341
-1.2267,-1.2824
-1.0086,-1.5048
-1.2584,-1.3557
-0.94845,-1.4707
-1.0814,-1.1551
-1.1409,-1.3622
-1.0024,-1.4049
-1.1986,-1.2604
-1.0766,-1.4865
-1.1036,-1.2713
-1.1692,-1.2136
-1.0134,-1.2921
-1.3345,-1.4388
-0.88647,-1.3331
-1.2531,-1.2766
-0.92416,-1.2796
-0.97649,-1.2232
-1.0686,-1.4265
-0.90651,-1.4527
-1.137,-1.2649
-1.1669,-1.3864
-1.175,-1.2982
-1.1211,-1.0804
-1.034,-1.288
-0.94669,-1.4326
-1.1666,-1.3218
-1.1547,-1.3599
-1.043,-1.2553
-1.0539,-1.3895
-1.037,-1.3008
-1.1094,-1.1806
-1.1822,-1.2414
-0.99744,-1.4239
-1.0539,-1.4322
-1.1219,-1.3056
-1.224,-1.4331
-1.0563,-1.4089
-0.93432,-1.2959
-1.1103,-1.3325
-0.82286,-1.364
-1.0354,-1.3184
-0.98605,-1.1848
-0.77282,-1.3115
-1.0733,-1.3939
-1.0796,-1.391
-1.1062,-1.3476
-1.2481,-1.3661
-1.0548,-1.1929
-1.0948,-1.4833
-1.1952,-1.6397
-1.0758,-1.527
-0.89884,-1.2936
-1.0727,-1.3401
-1.1656,-1.3254
-1.2824,-1.1374
-1.1224,-1.0994
-1.1481,-1.4325
-1.0112,-1.3052
-0.99924,-1.206
-1.0881,-1.3369
-1.0747,-1.2434
-1.0418,-1.3417
-1.1352,-1.3642
-0.9026,-1.5314
-1.1287,-1.4064
-0.99797,-1.1091
-1.2086,-1.2227
-1.0431,-1.218
-1.1632,-1.3658
-1.0746,-1.2512
-1.0037,-1.0859
-1.2201,-1.4392
-0.9053,-1.2398
-0.95913,-1.3036
-1.0094,-1.4459
-0.93791,-1.1154
-1.0404,-1.709
-1.0507,-1.4369
-1.0224,-1.467
-1.1432,-1.3087
-1.1259,-1.2998
-0.90869,-1.4492
-1.0829,-1.5467
-1.0322,-1.1732
-1.0034,-1.171
-1.1476,-1.1937
-0.96314,-1.3882
-1.0886,-1.527
-0.95942,-1.1326
-1.1286,-1.1703
-0.93556,-1.1775
-0.81363,-1.3785
-1.0887,-1.4822
-1.3054,-1.1955
-1.0581,-1.3826
-1.2648,-1.3408
-1.1083,-1.3074
-1.2083,-1.556
-1.1121,-1.4556
-1.095,-1.4121
-1.011,-1.1164
-1.0579,-1.3793
-1.127,-1.3557
-1.0425,-1.2337
-1.1678,-1.4207
-1.2161,-1.5012
-0.80741,-1.0846
-1.0117,-1.5257
-1.2601,-1.3515
-1.2869,-1.2632
-1.0981,-1.3282
-1.1675,-1.2481
-0.95376,-1.2851
-1.0387,-1.4643
-0.98668,-1.152
-1.4031,-1.6578
-1.0114,-1.1096
-0.92282,-1.2994
-1.2006,-1.1598
-1.0519,-1.1897
-1.1406,-1.0905
-1.0796,-1.4386
-0.97876,-1.2936
-1.1719,-1.1667
-1.1164,-1.0198
-1.084,-1.106
-1.1512,-1.3223
-0.99312,-1.135
-1.2472,-1.4164
-1.0742,-1.4624
-1.0629,-1.6809
-1.0348,-1.4312
-1.0581,-1.1529
-1.188,-1.2603
-1.1907,-1.209
-1.07,-1.3139
-0.89044,-1.4654
-1.3154,-1.2031
-1.2454,-1.2507
-0.90059,-1.2072
-1.0867,-1.2432
-1.0903,-1.3251
-0.95637,-1.4438
-0.98512,-1.0451
-0.94328,-1.3758
-1.0691,-1.2987
-1.0887,-1.1966
-1.0769,-1.495
-0.91687,-1.4055
-1.0656,-1.3738
-1.1221,-1.4088
-1.2424,-1.219
-1.1139,-1.4157
-1.0408,-1.131
-1.1055,-1.314
-0.96958,-1.472
-0.95678,-1.533
-1.0332,-1.3511
-1.204,-1.471
-1.0866,-1.2753
-1.0002,-1.3978
-1.1222,-1.1424
-1.1706,-1.3444
-0.96023,-1.0953
-1.0524,-1.4009
-1.1765,-1.1454
-1.1795,-1.1694
-1.1172,-1.2862
-1.0017,-1.4131
-1.2104,-1.3543
-1.4054,-1.394
-1.0952,-1.1739
-1.0223,-1.0718
-1.0666,-1.4872
-0.9452,-1.3684
-1.0814,-1.1463
-0.99002,-1.3483
-0.91029,-1.3174
-1.0546,-1.2579
-1.2316,-1.2456
-1.0943,-1.4322
-1.0611,-1.1732
-1.0215,-1.5164
-1.1378,-1.4411
-1.202,-1.2156
-1.2763,-1.2494
-0.88732,-1.3144
-0.8016,-1.3712
-0.90079,-1.2017
-1.1223,-1.0927
-1.0652,-1.3899
-1.153,-1.2087
-1.1569,-1.6185
-1.0644,-1.2365
-1.0351,-1.1863
-1.1467,-1.2361
-0.87997,-1.2921
-1.09,-1.1772
-1.0468,-1.2061
-1.0082,-1.0745
-0.9476,-1.4138
-1.3016,-1.3099
-1.164,-1.431
-0.97121,-1.2362
-1.0876,-1.1576
-1.1671,-1.0845
-1.0084,-1.4247
-1.0332,-1.18
-1.0685,-0.95094
-1.2497,-1.5594
-1.2465,-1.3697
-1.2305,-1.3378
-1.0675,-1.3023
-1.1207,-1.3581
-0.86344,-1.307
-1.0048,-1.7097
-1.044,-1.4256
-1.0428,-1.1808
-1.03,-1.1539
-1.096,-1.064
-0.92975,-1.5105
-0.83782,-1.3086
-1.0871,-1.2691
-1.103,-1.2124
-0.95393,-1.2494
-1.1662,-1.4464
-1.228,-1.5396
-1.0547,-1.572
-1.5009,-1.4384
-1.2764,-1.2567
-0.98844,-0.96262
-1.1797,-1.4951
-0.95702,-1.2031
-1.1211,-1.1773
-1.228,-1.233
-1.0304,-1.1947
-0.90152,-1.2358
-0.97524,-1.2085
-1.1373,-1.3655
-1.2655,-1.3395
-1.2939,-1.3757
-1.0203,-1.4685
-1.1795,-1.2454
-1.0409,-1.1639
-0.97078,-1.4689
-1.0116,-1.1203
-0.94871,-1.1314
-1.1563,-1.2075
-1.2551,-1.1162
-1.1248,-1.3497
-0.9018,-1.1261
-1.1139,-1.3054
-0.9997,-1.3304
-1.085,-1.2481
-1.28,-1.2461
-1.1848,-1.1505
-1.025,-1.302
-1.1657,-1.2943
-1.2204,-1.5022
-1.1426,-1.3538
-1.1448,-1.423
-1.1462,-1.1854
-0.97564,-1.2244
-1.1413,-1.3774
-0.78091,-1.2676
-1.0661,-1.1794
-0.94703,-1.2155
-0.87767,-1.3012
-0.84139,-1.4252
-0.99746,-1.2641
-0.97619,-1.2987
-1.1221,-1.5468
-1.0019,-1.2773
-1.2419,-1.376
-1.137,-1.4689
-1.1931,-1.2242
-1.0451,-1.2607
-1.0905,-1.3354
-1.0687,-1.3702
-1.1103,-1.2558
-0.63054,-1.4771
-1.1696,-1.0655
-1.0406,-1.4569
-1.1486,-1.2678
-0.9926,-1.4199
-0.87407,-1.5069
-1.0475,-1.075
-0.9834,-1.3638
-1.0599,-1.2508
-0.90111,-1.5309
-0.90254,-1.2184
-0.98529,-1.4476
-1.104,-1.1432
-1.1711,-1.2341
-1.2183,-1.2326
-1.2216,-1.3842
-1.0045,-1.4505
-1.1552,-1.3027
-0.90592,-1.2444
-1.1688,-1.4664
-1.2248,-1.1118
-1.0608,-1.3306
-1.1065,-1.2574
-0.90924,-1.1064
-0.89841,-1.5444
-1.2167,-1.1495
-1.097,-1.1482
-1.0055,-1.3354
-0.90597,-1.3749
-1.4394,-1.4207
-0.98427,-1.3045
-1.0176,-1.2814
-1.003,-1.5219
-1.1823,-1.3025
-0.9585,-1.4837
-1.0633,-1.3206
-0.9897,-1.1023
-0.85392,-1.554
-1.0789,-1.4216
-1.2591,-1.2093
-1.062,-1.3772
-0.98049,-1.3156
-1.0976,-1.4698
-1.0749,-1.1634
-1.1287,-1.1347
-1.2385,-1.6228
-1.0203,-1.2053
-0.95651,-1.4354
-1.1953,-1.1751
-1.1324,-1.2238
-1.0856,-1.1478
-1.0541,-1.2499
-1.0656,-1.1281
-1.116,-1.3649
-1.1105,-1.1253
-1.0903,-1.3415
-1.3315,-1.1741
-1.0684,-1.2452
-1.115,-1.5773
-0.92757,-1.2064
-1.1148,-1.4381
-1.222,-1.4387
-1.2711,-1.2865
-0.8459,-1.2684
-1.0464,-1.2561
-0.96961,-1.5535
-1.1335,-1.0637
-1.1538,-1.317
-0.9867,-1.4647
-0.93069,-1.2526
-1.0502,-1.4672
-1.139,-1.4455
-1.1768,-1.1319
-1.014,-1.3143
-1.0129,-1.2481
-0.90486,-1.2598
-1.011,-1.554
-1.1842,-1.3919
-0.99071,-1.2309
-0.96129,-1.1873
-1.1326,-1.0333
-1.1231,-1.2235
-1.1337,-1.3412
-1.1168,-1.1019
-0.90988,-1.2653
-0.93032,-1.3139
-0.87679,-1.4376
-0.95773,-1.2182
-1.0773,-1.1723
-0.95837,-1.4117
-1.2305,-1.1318
-0.93086,-1.1293
-0.92627,-1.3912
-1.1244,-1.3346
-1.0053,-1.5406
-1.2454,-1.2448
-1.0468,-1.1123
-1.1413,-1.2214
-1.019,-1.5497
-0.96172,-1.4283
-1.0751,-1.4917
-1.2687,-1.1782
-1.0834,-1.103
-0.92103,-1.2623
-0.92295,-1.1969
-1.2805,-1.5593
-1.2308,-1.2019
-0.95327,-1.4173
-0.9152,-1.3089
-1.1388,-1.4796
-1.1837,-1.1813
-1.0493,-1.3886
-1.2215,-1.1223
-1.2305,-1.3864
-1.1009,-1.1966
-1.0641,-1.2654
-0.92035,-1.3443
-1.1612,-1.3387
-1.1173,-1.3696
-1.1825,-1.299
-1.3344,-1.3998
-1.1298,-1.1743
-1.0301,-1.2373
-0.94423,-1.3804
-1.1487,-1.2355
-1.546,-1.417
-0.97072,-1.371
-1.1947,-1.2206
-1.2545,-1.1617
-1.1046,-1.4944
-1.1495,-1.3007
-1.139,-1.1076
-1.035,-1.522
-1.0737,-1.3637
-0.9257,-1.1228
-1.114,-1.1785
-0.98645,-1.3453
-1.0034,-1.3861
-1.102,-1.6076
-1.0887,-1.218
-0.93749,-1.4216
-1.2075,-1.2079
-1.0694,-1.4142
-1.0991,-1.0248
-0.8565,-1.387
-1.281,-1.2191
-1.4477,-1.5237
-1.307,-1.3175
-0.94996,-1.2886
-1.0618,-1.3475
-1.0064,-1.3966
-1.1021,-1.5952
-1.1859,-1.3821
-1.2185,-1.6295
-0.99149,-1.4576
-1.2256,-1.2566
-1.0942,-1.3691
-1.0398,-1.1569
-1.1803,-1.054
-1.2995,-1.0635
-1.1815,-1.2809
-0.95977,-1.123
-1.143,-1.267
-1.0822,-1.3488
-0.93313,-1.2351
-1.0108,-1.3131
-1.2153,-1.2102
-1.1809,-1.2648
-1.2122,-1.3455
-1.3315,-1.2723
-1.0694,-1.145
-0.87693,-1.1887
-1.1463,-1.3435
-1.0528,-1.2104
-1.316,-1.4872
-1.2221,-1.1962
-1.0588,-1.3644
-0.88928,-1.206
-1.0574,-1.3786
-0.94232,-1.4972
-1.0509,-1.3678
-1.0774,-1.3786
-1.174,-1.3787
-1.1325,-1.0688
-1.152,-1.2989
-1.184,-1.2862
-1.0234,-1.0515
-1.0884,-1.3409
-1.1068,-1.3843
-1.2971,-1.4963
-1.0586,-1.0158
-1.2713,-1.5408
-1.1662,-1.3992
-1.0893,-1.4194
-1.1184,-1.2678
-1.1404,-1.1647
-0.97518,-1.3323
-0.9446,-0.97105
-1.0419,-1.2869
-1.092,-1.4152
-1.6857,-1.4391
-0.93235,-1.3704
-1.0642,-1.3109
-0.97521,-1.336
-1.0511,-1.4351
-1.0977,-1.3676
-1.117,-1.2713
-1.2281,-1.302
-1.2208,-1.4804
-1.0028,-1.3419
-1.0747,-1.4601
-1.1316,-1.449
-1.0574,-1.351
-0.95153,-1.2017
-1.128,-1.1088
-0.93367,-1.2789
-0.99835,-1.4905
-1.0598,-1.29
-1.1371,-1.3255
-1.0188,-1.4164
-1.0505,-1.4149
-0.97882,-1.0654
-1.145,-1.2281
-0.9377,-1.2588
-1.0619,-1.1507
-0.98891,-1.3143
-1.0001,-1.2958
-1.0428,-1.2709
-0.9852,-1.2751
-1.1105,-1.0871
-1.1219,-1.2921
-0.98458,-1.4106
-0.9818,-1.2017
-1.0568,-1.3463
-1.0433,-1.3455
-1.0358,-1.1697
-0.88007,-1.3028
-1.159,-1.4647
-1.1882,-1.2046
-1.1297,-1.2613
-0.89798,-1.4369
-1.024,-1.1867
-1.1694,-1.3796
-1.1234,-1.2012
-1.0352,-1.2955
-1.1423,-1.3623
-1.2157,-1.3769
-1.1261,-1.4123
-1.0176,-1.1573
-0.9259,-1.055
-1.1222,-1.1638
-0.97783,-1.3474
-0.9472,-1.5632
-1.2309,-1.4069
-1.0259,-1.2678
-1.2283,-1.5609
-1.0783,-1.0598
-0.89172,-1.4822
-1.116,-1.2312
-1.4094,-1.6441
-0.94549,-1.1611
-1.1082,-1.187
-0.96464,-1.4755
-0.98195,-1.2159
-1.121,-1.355
-1.1047,-1.3805
-1.1042,-1.2716
-1.1301,-1.4122
-0.88626,-1.3955
-1.3546,-1.562
-1.1197,-1.4595
-1.2493,-1.3941
-0.83607,-1.2573
-1.084,-1.4395
-1.0105,-1.3572
-0.97757,-1.425
-1.2173,-1.3062
-0.91693,-1.2893
-1.2308,-1.4609
-1.2697,-1.2802
-0.91741,-1.5427
-0.93835,-1.24
-1.0222,-1.5108
-0.92219,-1.5779
-1.0164,-1.3782
-1.2642,-1.5117
-1.0553,-1.1462
-0.99441,-1.2095
-0.92036,-1.0415
-1.1065,-1.0921
-1.0999,-1.3294
-1.135,-1.1871
-1.0765,-1.3115
-1.0776,-1.2647
-1.0819,-1.3602
-1.1399,-1.063
-1.0828,-1.2824
-1.1339,-1.3188
-1.2241,-1.2725
-1.1335,-1.3801
-0.78636,-1.4016
-1.0658,-1.3186
-1.0777,-1.5743
-1.18,-1.4776
-1.1364,-1.1348
-1.0345,-1.3007
-0.9337,-1.2932
-1.1346,-1.3729
-1.058,-1.1573
-0.99073,-1.088
-0.86024,-1.6073
-1.1264,-1.2505
-0.98356,-1.303
-1.0418,-1.4692
-1.0299,-1.2785
-0.9908,-1.4476
-1.1051,-1.2626
-1.1231,-1.348
-1.2954,-1.297
-1.121,-1.2467
-0.94146,-1.3119
-1.0056,-1.4016
-0.99516,-1.4712
-0.98645,-1.258
-1.0612,-1.16
-0.86355,-1.2117
-0.99551,-1.5571
-1.1464,-1.3419
-1.065,-1.2504
-0.94109,-1.5162
-1.109,-1.2672
-1.1002,-1.0909
-1.0549,-1.2365
-1.1157,-1.3635
-0.97386,-1.4569
-1.3058,-1.4615
-0.91862,-1.3613
-1.0271,-1.3994
-1.1359,-1.2008
-1.2,-1.2921
-1.0799,-1.229
-1.4999,-1.4099
-0.84921,-1.454
-1.0375,-1.1054
-1.0864,-1.2349
-1.0673,-1.3309
-1.0846,-1.2317
-1.1673,-1.0936
-1.3323,-1.5777
-1.154,-1.0245
-1.0169,-1.1562
-1.0086,-1.3027
-1.0814,-1.4285
-0.9919,-1.4816
-1.0546,-1.1847
-1.1333,-1.3476
-0.96077,-1.4408
-1.229,-1.1465
-1.1497,-1.4936
-1.0029,-1.1357
-0.92335,-1.2066
-0.87346,-1.3855
-1.0339,-1.4031
-1.077,-1.265
-0.97111,-1.3186
-1.3511,-1.1624
-1.1729,-1.2486
-0.93917,-1.2687
-0.97361,-1.2811
-1.0288,-1.4995
-0.88846,-1.4444
-0.91107,-1.5245
-0.99889,-1.332
-1.1686,-1.3777
-1.1013,-1.4357
-1.0988,-1.2659
-1.0582,-1.232
-1.0848,-1.0743
-0.9051,-1.4451
-1.0682,-1.3652
-0.98128,-1.4567
-0.83703,-1.3612
-1.0058,-1.2864
-1.0657,-1.2818
-1.1787,-1.2346
-0.97451,-1.0885
-1.2891,-1.402
-1.1869,-1.3266
-1.269,-1.328
-0.9798,-1.268
-0.96552,-1.0003
-0.9872,-1.3231
-1.1203,-1.1854
-1.0944,-1.2801
-1.0268,-1.3265
-1.0163,-1.0983
-1.1744,-1.344
-1.0889,-1.2726
-1.1912,-1.272
-1.146,-1.2798
-1.1314,-1.2034
-1.0141,-1.4418
-1.2698,-1.4953
-1.2139,-1.4904
-1.1444,-1.4333
-1.0663,-1.4938
-1.3005,-1.4432
-1.2816,-1.3681
-0.89456,-1.3126
-1.078,-1.3845
-1.0405,-1.0954
-1.0893,-1.3776
-1.1207,-1.2115
-0.94367,-1.229
-0.9272,-1.3307
-1.1163,-1.4998
-0.84323,-1.2492
-1.0111,-1.3956
-1.2571,-1.1245
-1.2507,-1.6148
-1.417,-1.3107
-1.1725,-1.1731
-1.1219,-1.3065
-1.0939,-1.6234
-1.1244,-1.2981
-1.2707,-1.2213
-1.144,-1.5539
-1.0193,-1.4126
-1.0392,-1.322
-1.1651,-1.3866
-0.98074,-0.97606
-1.1127,-1.2231
-1.2352,-1.5245
-1.386,-1.4298
-0.93604,-1.4837
-0.95204,-1.4218
-0.93792,-1.2293
-1.0526,-1.3111
-0.85108,-1.1027
-0.98993,-1.1716
-1.0334,-1.2455
-0.94466,-1.3816
-1.0828,-1.2736
-1.0692,-1.0236
-1.0597,-1.0627
-1.3224,-1.562
-1.2287,-1.2108
-1.0093,-1.2343
-1.0901,-1.2481
-1.0116,-1.2762
-1.0898,-1.2433
-0.86427,-1.1926
-0.97075,-1.2023
-0.95854,-1.4629
-1.0813,-1.0537
-1.0514,-1.2281
-1.1126,-1.1479
-1.0968,-1.2616
-0.92434,-1.4123
-0.94852,-1.3713
-1.0186,-1.2453
-1.109,-1.2953
-0.98273,-1.2384
-0.92746,-1.1434
-1.166,-1.1345
-1.1244,-1.4758
-1.0959,-1.341
-1.3948,-1.3669
-1.2149,-1.3847
-1.0113,-1.1787
-1.1544,-1.0838
-1.1967,-1.263
-0.91061,-1.3789
-1.0344,-1.2919
-1.0041,-1.4852
-1.1099,-1.4066
-0.95687,-1.4752
-1.0466,-1.3172
-1.0607,-1.3316
-1.3703,-1.3481
-1.1666,-1.277
-0.90615,-1.4121
-1.0052,-1.5105
-1.0283,-1.2622
-1.0985,-1.3542
-1.2518,-1.1195
-1.183,-1.3562
-0.95296,-1.4333
-1.2488,-1.2797
-0.84516,-1.4144
-0.85304,-1.5516
-1.0541,-1.5182
-1.0233,-1.2244
-1.1234,-1.2302
-1.1179,-1.197
-1.0666,-1.3001
-1.0294,-1.3591
-1.2071,-1.3311
-1.0144,-1.3153
-1.0762,-1.3227
-0.85843,-1.2521
-1.1342,-1.1055
-0.84585,-1.3242
-0.82415,-1.2717
-0.80237,-1.2415
-1.0362,-1.4782
-1.0889,-1.3509
-1.0942,-1.0958
-1.0992,-1.3678
-1.027,-1.5545
-1.2223,-1.1396
-1.0194,-1.0652
-1.0305,-1.3855
-1.0395,-1.3956
-1.0411,-1.3085
-1.0146,-1.4632
-0.94027,-1.3581
-1.1673,-1.2969
-1.2105,-1.1874
-1.1186,-1.1051
-0.53771,-0.90792
-0.26991,-0.68658
-0.34745,-0.80165
-0.28972,-0.7363
-0.063336,-0.69178
0.064967,-0.6303
-0.19907,-0.74288
-0.45643,-0.39882
-0.18558,-0.38548
0.010806,-1.0458
0.10722,-0.7248
-0.29518,-1.0554
-0.44171,-0.70795
-0.13269,-0.45775
0.03385,-0.78924
-0.54106,-0.56275
-0.015004,-0.6278
-0.13091,-0.55657
-0.59722,-0.34279
-0.47085,-0.47179
-0.44472,-0.68595
-0.30692,-0.9247
-0.19749,-0.61362
-0.57402,-0.28449
-0.13886,-0.68009
-0.60973,-0.6141
-0.22222,-0.66528
-0.1045,-0.48562
0.0078556,-0.59393
-0.37484,-0.80427
-0.39512,-0.55362
-0.090012,-0.6681
-0.34573,-0.96869
-0.2479,-0.42924
-0.64218,-0.25516
-0.17168,-0.81123
0.063029,-0.54896
-0.63088,-0.62783
-0.50204,-0.46258
-0.78407,-0.35025
0.1208,-0.63364
-0.8501,-0.66586
-0.21299,-0.34662
-0.51785,-0.18544
-0.49816,-0.42395
-0.33787,-0.68578
-0.76658,-0.68128
-0.271,-0.72649
-0.34748,-0.47574
-0.5879,-0.33234
-0.61026,-0.7443
-0.29021,-0.76624
-0.14587,-0.94553
-0.17224,-0.35106
-0.38694,-0.69331
-0.46678,-0.31139
-0.54816,-0.11299
0.048363,-0.52022
-0.32162,-0.71862
-0.39602,-0.2472
-0.48753,-0.35776
-0.80484,-0.72348
0.030239,-0.48606
-0.063794,-0.39727
-0.70392,-0.56509
-0.079004,-0.50688
-0.44171,-0.38242
-0.33685,-0.62495
-0.89621,-0.50266
-0.25928,-0.73264
-0.23798,-0.47115
-0.56713,-0.47804
-0.087001,-1.1444
-0.59669,-0.1571
-0.88915,-0.72129
-0.20737,-0.63554
-0.011341,-0.81901
-0.50289,-0.40133
-0.079457,-0.43602
-0.80918,-0.48806
-0.0473,-0.63688
-0.32452,-0.10177
-0.08859,-0.57611
-0.58777,-0.61651
-0.10697,-0.23127
-0.57171,-0.66257
-0.26558,-0.065187
-0.5787,-0.44069
0.0010026,-0.32455
-0.21759,-0.44739
0.061275,-0.58147
-0.29755,-0.53792
-0.24815,-0.98042
-0.33262,-0.41671
-0.060106,-0.34346
-0.70773,-0.88509
-0.011111,-0.74727
-0.77411,-0.57427
-0.85297,-0.7049
-0.70204,-0.47317
-0.3609,-0.53296
-0.62633,-0.31835
0.012237,-0.48876
-0.73519,-0.68882
-0.085295,-0.077662
-0.76825,-0.62934
-0.10834,-0.94034
-0.24597,-0.53444
-0.2717,-0.29985
-0.33125,-0.62628
-0.36809,-0.18407
-0.26204,-0.052647
-0.39636,-0.27708
-0.05541,-0.38904
-0.27246,-0.10611
-0.77644,-0.38415
-0.32876,-0.71058
-0.67324,-0.8579
-0.62539,-0.14854
0.12476,-0.58771
-0.38718,-0.91997
-0.32812,-0.46754
-0.13578,-0.5576
-0.2869,-0.69868
-0.35286,-0.71993
-0.089724,-0.66113
-0.13064,-0.55801
-0.70726,-0.62698
-0.13759,-0.60649
-0.24714,-0.57971
-0.16067,-0.39348
-0.17015,-0.76672
0.17574,-0.37945
-0.013139,-0.45391
-0.1141,-0.48397
-0.3839,-0.69498
-0.15248,-0.51665
-0.71929,-0.29713
-0.27827,-0.9296
-0.77262,-0.40204
0.011932,-0.59949
-0.2756,-0.39484
-0.57316,-0.48276
-0.67445,-0.4414
-0.83734,-0.77553
-0.24088,-0.62538
-0.18216,-0.81628
-0.17572,-0.16343
0.10127,-0.67164
-0.34786,-0.66264
-0.63566,-0.37507
-0.011985,-0.19127
-0.068862,-0.6621
-0.78846,-0.52105
-0.23394,-0.65292
-0.22947,-0.99612
-0.59207,-0.088121
-0.66276,-0.38121
-0.22648,-0.74078
-0.28989,-0.36224
-0.18393,-0.84597
-0.37175,-0.85447
-0.29493,-0.53441
-0.055251,-0.60373
-0.08694,-0.30132
-0.72841,-0.67473
-0.37576,-0.5368
-0.41124,-0.90985
-0.71786,-0.61859
-0.056005,-0.32201
-0.45156,-0.47279
-0.12981,-0.62379
-0.76619,-0.68445
-0.14651,-0.34975
-0.51989,-0.60875
-0.78053,-0.29792
-0.031679,-0.22236
-0.085789,-0.45203
0.079256,-0.70482
-0.55722,-0.75621
-0.81032,-0.6467
0.034216,-0.40471
-0.11,-0.35306
-0.047525,-0.78242
-0.28618,-0.65538
-0.4877,-0.63036
-0.19191,-0.99474
-0.53901,-0.65897
-0.56498,-0.82269
-0.65299,-0.72901
-0.10045,-0.50093
-0.25541,-0.81812
0.083318,-0.57378
0.047707,-0.9289
-0.29134,-0.60411
-0.79897,-0.83538
-0.29382,-0.69021
0.050252,-0.89601
-0.50494,-0.77837
-0.82825,-0.87203
-0.62546,-0.18419
-0.28765,-1.1271
-0.69359,-1.0733
-0.40223,-0.95043
-0.20873,-0.78361
-0.12532,-0.61395
-0.48144,-0.37656
-0.24606,-0.4222
-0.14385,-0.35243
-0.31803,-0.69518
-0.55933,-0.41394
-0.87567,-0.47302
-0.23061,-0.62379
-0.64178,-0.44067
0.052396,-0.44748
-0.1654,-0.16779
0.18791,-0.43325
-0.38208,-1.1548
-0.25589,-0.62109
-0.33602,-0.50421
-0.27642,-0.57378
-0.8034,-0.49137
-0.27646,-0.83027
-0.29762,-0.12872
-0.64666,-0.50096
-0.13689,-0.73748
0.12745,-0.3822
-0.25216,-0.50783
-0.50219,-0.64466
-0.43544,-0.54958
-0.18739,-0.59677
-0.079353,-0.79029
-0.62521,-0.65109
-0.52457,-0.38287
-0.26992,-0.37031
-0.25499,-0.70731
-0.32783,-0.79851
-0.37866,-0.47462
-0.37654,-0.95606
-0.8672,-0.89421
-0.073996,-0.32288
-0.59705,-0.31963
-0.37126,-0.84597
-0.18854,-0.75034
-0.47482,-0.55869
-0.67185,-0.45364
-0.20216,-0.83379
-0.79938,-0.41711
-0.29859,-0.84687
-0.65371,-0.75668
-0.53668,-0.80141
0.042111,-0.43773
-0.011678,-0.45516
-0.094924,-0.36108
-0.56128,-0.45348
-0.34568,-0.41679
-0.4206,-0.8318
-0.031214,-0.40424
-0.14389,-0.25138
-0.543,-0.21897
-0.13387,-0.71731
-0.10528,-1.0334
-0.64405,-0.63694
-0.48928,-0.82283
-0.018981,-0.4708
0.15833,-0.34582
-0.74038,-0.78079
-0.18902,-0.6062
0.017176,-0.45876
-0.8027,-0.31467
0.066816,-0.16305
-0.64616,-0.67008
-0.38813,-0.32627
-0.32742,-0.71715
-0.084874,-0.52426
-0.6041,-0.67471
-0.025107,-0.6031
-0.37767,-0.70379
-0.89733,-0.47364
-0.69168,-0.57931
-0.34999,-0.50099
-0.80392,-0.64148
-0.30119,-0.17655
-0.81036,-0.58353
0.2111,-0.25072
-0.60864,-0.61418
-0.33662,-1.0582
-0.56737,-0.50559
-0.98394,-0.4502
-0.29627,-0.28739
-0.5422,-0.48629
-0.089726,-0.75935
0.079471,-0.63325
-0.64894,-0.99368
-0.71354,-0.7398
-0.33068,-0.45147
-0.28255,-0.4786
-0.45836,-0.60068
-0.53261,-0.62332
-0.51852,-0.60255
-0.1481,-0.46632
-0.60565,-0.56066
-0.14041,-0.50765
-0.23266,-0.88439
-0.40417,-0.7845
-0.85071,-0.80944
-0.052554,-0.61741
-0.66427,-0.60569
-0.83186,-0.46446
-0.14296,-0.46994
-0.38003,-0.73977
-0.2474,-0.37641
-0.67575,-0.33164
-0.2662,-0.50043
-0.5541,-0.45781
-0.65445,-0.56223
-0.27715,-0.62525
-0.11197,-0.36807
-0.73129,-0.59378
-0.56376,-0.58066
0.12432,-0.65627
-0.0069218,-0.74435
-0.17883,-0.73566
-0.13348,-0.71107
-0.5546,-0.59703
-0.4004,-0.42297
-0.61868,-0.60997
-0.81908,-0.5942
-0.82376,-0.40579
-0.72798,-0.79101
-0.59578,-0.51711
-0.30944,-0.41074
-0.17438,-0.57488
-0.55738,-0.46273
-0.36304,-0.73013
-0.20474,-0.60475
-0.5986,-0.29258
-0.76247,-0.59062
-0.34155,-0.69074
-0.60727,-0.2486
-0.3443,-0.50938
-0.03838,-0.40454
-0.063194,-0.50984
-0.28557,-0.70471
0.050142,-0.59057
-0.50076,-0.95733
-0.38826,-0.12387
-0.35586,-0.50401
-0.15597,-0.56206
-0.12525,-0.28393
-0.11233,-0.34817
-0.44716,-0.83203
-0.61433,-0.48159
-0.21409,-0.42464
-0.60289,-0.63727
-0.51114,-0.66208
-0.59184,-0.70166
-0.47011,-0.53068
-0.21978,-1.0787
-0.11554,-0.77476
-0.34796,-0.40766
-0.14746,-0.96713
-0.09997,-0.60369
-0.43589,-0.85676
-0.27044,-0.74283
-0.2543,-0.47255
-0.29921,-0.4471
-0.3795,-0.41916
-0.11478,-0.95781
-0.51108,-0.80973
-0.26366,-0.24485
-0.10978,-0.59962
-0.14678,-0.54743
-0.066896,-0.59021
-0.12065,-0.54251
-0.28634,-0.80738
-0.098741,-0.54086
-0.69852,-0.61101
-0.28337,-0.39797
-0.14606,-0.58871
-0.09054,-0.31713
-0.33269,-0.60199
-0.37023,-0.99033
0.069781,-0.51522
-0.8635,-0.68809
-0.28543,-0.38009
-0.14812,-0.57098
-0.48978,0.011208
-0.21703,-0.52736
-0.054535,-0.41752
0.038552,-0.45663
-0.47995,-0.46762
-0.78443,-0.48236
-0.034078,-0.47713
-0.58612,-0.086215
-0.41684,-0.70863
-0.8257,-0.48419
-0.7881,-0.63811
-0.051867,-0.49973
-0.23081,-0.90544
-0.2488,-0.46212
-0.30211,-0.57169
-0.6267,-0.64098
-0.31172,-0.75791
-0.76353,-0.42889
-0.50742,-0.22218
-0.086929,-0.75803
-0.42736,-0.45348
-0.29636,-0.60903
-0.58066,-0.83285
-0.28259,-0.72461
-0.18134,-0.38943
-0.59796,-0.72657
-0.46634,-0.85211
-0.67679,-0.76334
-0.52674,-0.7127
-0.27162,-0.2136
-0.037289,-0.48988
-0.18025,-0.6294
0.084944,-0.47405
-0.55782,-0.49586
-0.68974,-0.63731
-0.78916,-0.684
-0.43096,-0.49955
0.08484,-0.47649
-0.31978,-0.61966
-0.77111,-0.19052
-0.29529,-0.68781
-0.60043,-0.453
-0.24433,-0.50908
-0.69685,-0.5219
-0.36783,-0.38994
-0.66231,-0.28552
-0.42232,-0.5421
-0.12742,-0.38758
-0.075388,-0.30246
-0.31982,-0.71398
-0.26353,-0.31517
-0.49565,-0.77078
-0.44305,-0.37134
-0.16661,-0.69174
-0.16433,-0.55521
-0.5521,-0.63123
-0.5444,-0.1955
-0.17694,-0.58118
-0.17923,-0.685
-0.037545,-0.69869
-0.23606,-0.66661
0.16241,-0.56992
-0.37697,-0.28186
-0.0010757,-0.41251
-0.22495,-0.055053
-0.066594,-0.77314
-0.31075,-0.50529
4.9394e-005,-0.69458
-0.17995,-0.74321
-0.55051,-0.57937
-0.15441,-0.86601
-0.49082,-0.3264
-0.12483,-0.53068
0.11954,-0.57631
-0.52441,-0.39188
-0.80003,-0.64182
-0.47289,-0.4678
-0.52642,-0.35959
-0.28895,-0.62724
-0.17887,-0.71209
-0.2824,-0.43205
-0.025686,-0.32933
-0.68658,-0.78053
-0.43029,-1.0435
-0.88298,-0.52322
0.065556,-0.50883
-0.40568,-0.60829
-0.8469,-0.28258
-0.048148,-0.57089
-0.099975,-0.82901
-0.88666,-0.4505
-0.62988,-0.47431
-0.23151,-0.74086
-0.032691,-0.63781
-0.091778,-0.7005
-0.30669,-0.41559
-0.79858,-0.35111
-0.35045,-0.69578
-0.33858,-0.51784
-0.47661,-0.41481
-0.63323,-0.2866
-0.11528,-0.46516
-0.2319,-0.54791
-0.23957,-0.34375
-0.22343,-0.54629
-0.10391,-0.41752
-0.59689,-0.27618
-0.08662,-0.67306
-0.74839,-0.30322
-0.8521,-0.49373
0.13648,-0.58029
0.20294,-0.55967
-0.64349,-0.64097
-0.40244,-0.53651
-0.61713,-0.362
-0.27853,-0.11312
-0.55779,-0.82167
-0.35483,-0.62269
0.091927,-0.4092
-0.67383,-0.56972
-0.33336,-0.42404
-0.11167,-0.59199
-0.49655,-0.51829
-0.16776,-0.75607
-0.13083,-1.0256
-0.44317,-0.75946
-1.0997,-0.89164
-0.55547,-0.77329
0.19602,-0.48792
-0.15938,-0.6061
-0.50356,-0.54755
-0.089171,-0.36859
0.071502,-0.31575
-0.37616,-1.0026
-0.33264,-0.81758
-0.070881,-0.699
-0.17403,-0.50389
0.15037,-0.53471
-0.057234,-0.34005
-0.54483,-0.31666
-0.67189,-0.79029
-0.75511,-0.54185
-0.17457,-0.86563
-0.40734,-0.60133
-0.38538,-0.7039
-0.65348,-0.6738
-0.28911,-0.52773
-0.5544,-0.42791
-0.1095,-0.52772
-0.37721,-0.58319
-0.5356,-0.51269
-0.45128,-0.63116
-0.46037,-0.71253
-0.19883,-0.75567
-0.15853,-0.63353
-0.31816,-0.68944
-0.068502,-0.68206
-0.52656,-0.69373
-0.035104,-0.37718
-0.51335,-0.8037
-0.016517,-0.85892
-0.50009,-0.82723
0.20597,-0.8198
-0.082231,-0.2043
-0.72928,-0.42663
-0.33127,-0.69365
0.063044,-0.39698
-0.3328,-0.3831
-0.40248,-0.69333
-0.97224,-0.88756
-0.68164,-0.65113
-0.25259,-0.58667
-0.73019,-0.88544
0.025278,-0.40863
-0.48278,-0.73832
-0.40279,-0.96395
-0.31431,-0.94004
-0.16903,-0.22609
-0.52575,-0.59797
-0.72553,-0.72739
0.19741,-0.69539
-0.50093,-0.42219
-0.38428,-0.72525
-0.15764,-0.59816
-0.54853,-1.1349
-0.28373,-0.54306
0.012252,-0.65665
-0.35009,-0.83015
0.074633,-0.69784
-0.22861,-0.92118
-0.17255,-0.86813
-0.30076,-0.89992
-0.1447,-0.22336
-0.48586,-0.52935
-0.54411,-0.29657
0.0059151,-0.47614
-0.25327,-0.83059
-0.36019,-0.81888
-0.016215,-0.37376
-0.1526,-0.92498
-0.18821,-0.186
-0.585,-0.20783
-0.18985,-0.48631
-0.21281,-0.75341
-0.54266,-0.62715
-0.57536,-0.53052
-0.49111,-0.59794
-0.35122,-1.365
-0.27336,-0.60969
-0.45479,-0.7762
-0.21825,-0.81927
-0.72249,-0.47528
-0.54186,-0.40433
-0.042018,-0.54047
-0.039258,-0.79687
-0.25463,-0.84168
-0.28906,-0.44604
-0.33323,-0.47386
-0.23307,-0.70697
-0.9068,-0.72471
-0.6256,-0.58398
-0.56644,-0.68896
-0.72029,-0.5517
-0.58745,-0.61328
-0.15425,-0.59471
-0.19743,-0.72085
-0.29449,-0.65264
-0.13272,-0.39526
-0.60441,-0.66307
0.0070817,-0.47367
0.0048707,-0.69213
-0.63158,-0.24824
-0.16336,-0.85197
-0.2403,-0.31003
-0.19042,-1.0156
0.028898,-0.52717
-0.74229,-0.77635
-0.10799,-0.40413
-0.17741,-0.2957
-0.51403,-0.60196
-0.11745,-0.42763
-0.15357,-0.55084
-0.85041,-0.72124
-0.32164,-0.3507
-0.46997,-0.24077
-0.18482,-0.49122
-0.58648,-0.55675
-0.14446,-0.89393
-0.00099417,-0.92849
-0.72237,-0.4212
-0.4466,-0.7382
-0.54499,-0.71126
-0.6429,-0.54358
-0.76221,-0.72394
-0.91425,-0.86442
-0.12756,-0.64743
-0.61374,-0.013413
-0.1409,-0.83553
-0.64705,-0.69702
0.2188,-0.35728
-0.094925,-0.33952
0.097091,-0.44741
-0.1992,-0.66563
-0.30557,-0.58293
-0.46612,-0.67353
-0.47535,-0.60822
-0.39687,-0.72622
-0.6033,-0.64443
-0.26916,-0.21778
-0.1049,-0.46223
-0.35123,-0.66672
-0.19777,-0.79247
-0.35547,-1.334
-0.37933,-0.55697
-0.44699,-0.44208
-0.13857,-0.62604
-0.87274,-0.64329
-0.71673,-0.75714
-0.44738,-0.4003
-0.16535,-0.7437
-0.41992,-0.37076
-0.51854,-0.39082
-0.54205,-0.69589
-0.098077,-0.45609
-0.51206,-0.63053
-0.050813,-0.50433
-0.76235,-0.73305
0.16836,-0.61454
-0.32346,-0.88956
-0.52958,-0.61103
-0.60452,-0.96354
-0.21409,-0.48767
-0.14741,-0.56453
-0.50882,-0.64082
-0.11264,-0.40669
-0.67086,-0.67503
0.23126,-0.56677
-0.6538,-0.53695
0.06334,-0.49696
-0.054396,-0.38115
-0.1012,-0.77901
-0.57828,-0.63611
0.074029,-0.27274
-0.28743,-0.57364
-0.11716,-0.50704
-0.80108,-0.42092
-0.72747,-0.67687
-0.5573,-0.80829
-0.566,-0.47198
-0.66176,-0.52938
-0.5997,-0.791
-0.78719,-0.58194
0.13338,-0.53666
-0.34941,-0.88237
0.11958,-0.76665
-0.21918,-0.62824
-0.21853,-0.97715
-0.14443,-0.61905
-0.50714,-0.99266
-0.0035846,-0.6165
-0.36774,-0.44415
-0.51275,-0.45005
-0.67272,-0.54695
0.083439,-0.53296
-0.3183,-0.60443
-0.066293,-0.82606
-0.26606,-0.49856
-0.69644,-0.40222
-0.30703,-0.64833
-0.090699,-0.89934
-0.59464,-0.37546
-0.52499,-0.81392
-0.44174,-0.88233
-0.0022511,-0.70875
0.17773,-0.41812
-0.44062,-0.33119
-0.33436,-0.86431
-0.68231,-0.88273
-0.76097,-0.50449
-0.65765,-0.50531
0.081873,-0.63738
0.023709,-0.59634
-0.089112,-0.55646
-0.33662,-0.28431
-0.38497,-0.71946
-0.58214,-0.69832
-0.70891,-0.35862
-0.53236,-0.5952
-0.62185,-0.67967
-0.24573,-0.35455
-0.12944,-0.073231
-0.032894,-0.85634
0.10388,-0.34449
-0.51136,0.16447
-0.44245,-0.75651
-0.17725,-0.68791
-0.29258,-0.84378
-0.27289,-0.46831
-0.080181,-0.49263
-0.64507,-0.37177
-0.30727,-0.80594
-0.55003,-0.31112
-0.082724,-0.26204
-0.4023,-0.87409
-0.25898,-0.75865
-0.37029,-0.17079
-0.56523,-0.9359
-0.62917,-0.53964
-0.71848,-0.62821
-0.27144,-0.43851
-0.36021,-0.57012
-0.26754,-0.64835
-0.39805,-0.54171
-0.074819,-0.86009
-0.67232,-0.33264
-0.3281,-0.65936
0.040502,-0.56476
-0.29185,-0.28067
-0.26226,-0.77304
-0.20572,-0.62225
-0.40224,-0.68682
-0.78447,-0.63681
-0.56022,-0.57928
-0.45321,-0.78528
-0.22298,-0.59908
-0.2924,-0.51418
-0.019576,-0.3906
-0.25535,-0.66964
-0.19738,-0.49543
-0.73229,-0.58306
-0.57614,-0.27258
0.081601,-0.17609
-0.032173,-0.36959
-0.57754,-0.39082
-0.34639,-0.85597
-0.13656,-0.37979
-0.27598,-0.61128
-0.4453,-0.52201
-0.59507,-0.58479
-0.078566,-0.77594
-0.34631,-0.35276
-0.28622,-0.59196
-0.56255,-0.19927
-0.27581,-0.60851
-0.70361,-0.60358
-0.32979,-0.77966
-0.17925,-0.54347
-0.85108,-0.73505
-0.33822,-0.33227
-0.20103,-0.65703
-0.77169,-0.46815
-0.088772,-0.69335
-0.082876,-0.52511
-0.50319,-0.26062
-0.55193,-0.68532
-0.13549,-0.64177
-0.47271,-0.4834
-0.39236,-0.54122
-0.80625,-0.47638
-0.30391,-0.74867
-0.049011,-0.19083
-0.36793,-0.32272
-0.13708,-0.66708
-0.29824,-0.91173
-0.79432,-0.68326
-0.016517,-0.58087
-0.44578,-0.44574
-0.18547,-0.68578
-0.63927,-0.79286
-0.6998,-0.67077
-0.26151,-0.44947
-0.52684,-0.55944
-0.16123,-0.57919
-0.87027,-0.86135
-0.71447,-0.42941
-0.072443,-0.71093
-0.68339,-0.54214
-0.18392,-0.93184
0.11917,-0.72132
-0.67038,-0.31383
-0.12796,-1.204
-0.29198,-0.21867
-0.72779,-0.51596
-0.12525,-0.74919
-0.3619,-0.41317
-0.23876,-0.61147
-0.43314,-0.83457
-0.55032,-0.48184
-0.53461,-0.65197
-0.23337,-0.3974
-0.3869,-0.38518
-0.71275,-0.55116
-0.2983,-0.67245
-0.13291,-0.59306
-0.34738,-0.85917
0.13878,-0.82007
-0.021359,-0.95913
-0.16985,-0.53633
0.077025,-0.62308
-0.24618,-0.43814
-0.30741,-0.75776
-0.043014,-0.65497
-0.46406,-0.61483
-0.05767,-0.55819
-0.16271,-0.88711
-0.65047,-0.74347
-0.70922,-0.3928
0.10413,-0.66524
-0.18109,-0.31033
-0.24011,-0.49116
-0.25547,-1.078
-0.8778,-0.36275
-0.44269,-0.7315
-0.14333,-0.44038
-0.3242,-0.48224
-0.28517,-0.58444
-0.023225,-0.99378
-0.093019,-0.8152
-0.21462,-0.62067
-0.80941,-0.40555
0.13518,-0.68043
0.065479,-0.2049
-0.76142,-0.66979
-0.68026,-0.51595
-0.87732,-0.69072
-0.64175,-0.2566
-0.83333,-0.69859
-0.42407,-0.63486
-0.2148,-0.62866
-0.060211,-0.79909
-0.25041,-0.5153
-0.75236,-0.48942
-0.16265,-0.35855
-0.2552,-0.57378
-0.072819,-0.76159
-0.049898,-0.63263
-0.038927,-0.41145
-0.68454,-0.48141
-0.16249,-0.50105
-0.49114,-0.49871
-0.39498,-0.39706
-0.19905,-0.3007
-0.24141,-0.57824
-0.63374,-0.55039
-0.15529,-0.71592
-0.27767,-1.0696
-0.41435,-0.2781
0.0039059,-0.69381
-0.71121,-0.32129
-0.85127,-0.55594
-0.55723,-0.53208
-0.52166,-0.58764
-0.44268,-0.74367
-0.56005,-0.26348
-0.21937,-0.62201
-0.43249,-0.77668
-0.27255,-0.65771
-0.49331,-0.64239
-0.17745,-0.49109
-0.73595,-0.59909
-0.15142,-0.63084
-0.39398,-0.42749
-0.59396,-0.88077
-0.20845,-0.51733
-0.44715,-0.48791
-0.51181,-0.56199
-0.018816,-0.82591
-0.65527,-0.43116
-0.46997,-0.60291
-0.35816,-0.65937
-2.6574e-006,-0.66972
-0.11806,-0.70528
-0.56827,-0.68248
-0.91749,-0.55173
-0.19484,-0.4514
-0.17039,-0.46704
-0.39834,-0.91165
-0.60988,-0.48548
-0.51448,-0.16359
-0.50703,-0.67309
-0.51466,-0.61673
-0.7829,-0.61526
-0.52636,-0.42902
-0.74444,-0.35825
-0.27298,-0.42249
-0.3505,-0.45658
-0.69544,-0.43595
0.27127,-0.55259
-0.32533,-0.29795
-0.30805,-0.79284
-0.049781,-1.1779
-0.038816,-0.42745
-0.19746,-0.55724
-0.3143,-0.40449
-0.090546,-0.33001
-0.14043,-0.40541
-0.68737,-1.0757
-0.16317,-0.58906
-0.44776,-0.76121
0.24465,-0.86906
-0.70398,-0.26069
-0.54039,-0.46399
0.11109,-0.74425
-0.55552,-0.51662
-0.68173,-0.45457
-0.57592,-0.43197
-0.6004,-0.47321
-0.098548,-0.51247
-0.63125,-0.6822
-0.24981,-0.47143
-0.034142,-0.5077
-0.73348,-0.83396
-0.11647,-0.7383
-0.24725,-0.70747
-0.35468,-0.76208
-0.14406,-0.84476
-0.17224,-0.57546
0.16372,-0.7692
-0.14447,-0.71772
-0.076222,-0.23548
-0.065099,-0.76478
-0.31518,-0.74869
-0.59009,-0.80461
-0.033494,-0.78909
-0.75709,-0.5896
-0.62107,-0.27514
-0.16209,-0.49124
-0.38968,-0.63395
-0.24931,-0.49807
-0.47915,-0.44257
-0.70227,-0.58844
-0.45316,-0.58125
0.26798,-0.39535
0.08734,-0.43359
0.069177,-0.61032
-0.3347,-0.49456
-0.018646,-0.49853
-0.7783,-0.58178
-0.1937,-0.80681
-0.40923,-0.77929
-0.63888,-0.57665
0.054856,-0.69743
0.065362,-0.53964
0.0093966,-0.58199
-0.6201,-0.6025
-0.17065,-0.093305
-0.6193,-0.40494
-0.2963,-0.49565
-0.75672,-0.93157
-0.11987,-0.11971
-0.53127,-0.75448
-0.27787,-0.68973
0.034551,-0.72291
0.80008,0.23974
0.73374,-0.2485
0.79364,0.021613
0.81465,-0.12876
0.71638,-0.43338
0.68347,-0.15961
1.0605,-0.14404
0.79306,0.018588
0.65647,-0.22561
0.71184,-0.44255
0.69378,-0.065343
0.75193,-0.2574
0.80278,-0.10944
0.66637,-0.30539
1.0229,-0.29501
0.71306,0.4232
0.88199,-0.21698
0.62818,-0.22633
0.60804,0.1509
0.63219,-0.023233
0.71431,-0.23784
0.74018,0.36224
0.80787,0.28748
0.67218,-0.12699
0.60043,-0.36653
0.8084,-0.30326
0.77989,-0.327
0.79118,0.34737
0.76316,-0.341
0.74661,-0.2143
0.64613,0.23781
0.63612,-0.0047219
1.0245,-0.165
0.6619,-0.33869
0.72829,0.14948
0.74128,-0.14524
0.82557,-0.10292
0.69749,0.37828
0.79654,-0.24351
0.82961,0.094893
0.79213,0.11197
0.65277,0.045104
0.66455,-0.086275
0.68092,0.039694
0.78274,-0.39203
0.4865,-0.53926
1.1421,0.017139
0.7106,-0.013395
0.65731,0.234
0.67019,-0.22014
0.90292,-0.25891
0.62438,0.28935
0.73771,-0.052639
0.53867,-0.019142
0.63487,0.033725
0.67729,0.064241
0.63388,0.37433
0.94537,0.0042039
0.5743,0.17455
0.76197,-0.15611
0.78724,-0.16128
0.69523,-0.027852
0.84273,-0.34298
1.0772,-0.079993
0.89123,-0.22698
0.7597,-0.0065794
0.57213,-0.13867
0.95626,0.054816
0.91105,0.045372
0.67866,0.23876
0.5982,-0.27179
0.59513,-0.050541
0.65207,0.01485
1.0589,-0.31542
0.63467,-0.18168
0.72349,-0.18996
0.84456,-0.18663
0.69344,0.18142
0.65548,-0.2304
0.67337,0.20093
0.75438,-0.1098
0.79308,0.3691
0.89708,-0.4094
0.53871,0.35337
0.77396,-0.34455
0.60959,-0.28059
1.0562,0.011122
0.69236,0.32235
0.66735,-0.31081
0.66355,-0.26799
0.88973,0.088694
0.51878,-0.20973
0.92237,-0.047079
0.67859,-0.046223
0.52507,-0.23445
0.63272,0.042945
0.67502,0.076065
0.68933,-0.19488
0.69735,0.48948
0.60352,-0.055831
0.71946,0.16373
0.82205,-0.24563
0.71575,-0.059074
0.86009,-0.071825
0.71587,0.14355
0.37266,-0.11955
0.68614,-0.15491
0.84474,-0.029358
0.64112,0.19848
0.81783,-0.4329
0.87074,-0.034201
0.62921,-0.28335
0.70723,0.01657
0.8067,0.028312
0.82181,-0.38099
0.8683,-0.17788
0.8103,-0.1261
0.81967,-0.33458
1.0972,-0.12144
0.63066,-0.10834
0.82228,-0.052203
0.65168,-0.23716
1.0489,-0.27264
0.63803,0.32214
0.73447,0.070435
0.67321,0.56001
0.53992,-0.03113
0.6348,0.025964
0.70348,-0.40002
0.76185,0.54798
0.8089,-0.11194
0.84631,-0.2436
0.6659,-0.033585
0.79031,-0.068303
0.84817,-0.01895
0.73207,0.00021613
0.65285,-0.12942
0.81355,-0.021202
0.75955,-0.03916
0.67137,0.16161
0.66788,0.29816
0.5728,-0.30339
0.72395,-0.058634
0.62617,-0.037895
0.82354,-0.048827
0.67857,0.38444
0.64069,-0.18225
0.90495,-0.27176
0.89109,-0.26817
0.7704,-0.10948
0.71847,-0.029364
0.845,-0.16899
0.44651,-0.35364
0.83875,-0.1021
0.64681,0.18126
0.36263,-0.3109
0.78866,0.094612
1.0301,-0.31342
0.87076,-0.29955
0.58607,-0.25629
0.71865,0.26695
0.54962,-0.002335
0.86675,-0.1971
0.71591,0.035064
0.69679,0.044604
0.73203,0.035014
0.76322,0.15803
0.6684,0.19276
0.90628,-0.23401
0.63671,-0.049266
0.82272,-0.32246
0.74834,-0.44567
0.53287,-0.11561
0.65942,-0.081216
0.64575,-0.37053
0.70352,0.18924
0.54751,-0.3963
0.85209,-0.094553
0.62746,-0.021661
0.7368,-0.0077627
0.79555,-0.050885
0.88348,0.014853
0.656,0.046141
0.64624,-0.017433
0.43652,-0.3215
0.76224,-0.11435
0.76017,0.025732
0.85708,-0.18948
0.69287,0.34261
0.71775,-0.10944
0.93811,-0.082179
0.57193,-0.31239
0.73413,-0.27414
0.88474,-0.13705
0.63046,0.38991
0.85986,-0.19063
0.72696,-0.3112
0.65342,-0.22465
0.57794,-0.20305
0.77749,-0.35584
0.62128,-0.20399
0.86543,0.082344
0.71481,0.02428
0.82832,-0.015391
0.8197,-0.17616
0.75764,0.042813
0.77339,-0.34424
0.73255,0.16131
0.81122,-0.11342
0.73639,0.28428
0.68617,0.038382
0.6363,0.39568
0.76331,-0.29001
0.70646,0.083139
0.54495,-0.37108
0.69187,-0.21949
0.76413,0.14436
0.7221,0.0035134
0.89266,-0.06139
0.68751,-0.056886
0.88347,-0.15192
0.78712,-0.071571
0.70553,-0.0046135
0.76987,-0.36014
0.6689,-0.30795
0.93138,-0.23338
0.66499,0.031196
0.75183,0.053128
0.75352,-0.26662
0.86325,-0.23356
0.88737,-0.33088
0.77,-0.21649
0.7295,0.36036
0.63127,-0.41986
0.77233,-0.20157
0.99958,-0.27672
0.67333,0.2007
0.82916,-0.020786
0.71088,0.059783
0.76217,-0.14032
0.71612,0.2905
0.58181,0.22913
0.9499,0.064805
0.84077,0.15015
0.63287,0.15485
1.0156,-0.18181
1.0005,-0.16807
0.87563,-0.15419
0.79221,-0.092482
0.47289,-0.10785
0.79955,-0.24617
0.39368,-0.13689
1.0231,-0.25541
0.66707,-0.42565
0.7754,-0.028985
0.81439,-0.32735
0.96143,-0.11314
0.7827,-0.13321
0.63996,-0.081745
1.0437,-0.29599
0.74203,0.090014
0.81877,0.12875
0.68998,-0.30507
0.67363,0.35135
0.75096,0.27145
0.62953,0.12073
0.73133,-0.2589
0.53804,-0.04472
0.76328,0.0021153
0.69406,0.30589
0.75605,0.14122
0.67572,0.12573
0.59271,-0.129
0.71865,0.059658
0.62172,0.18848
1.0114,-0.20196
0.83462,-0.29022
0.72853,0.046969
0.82248,-0.092899
0.69353,-0.084841
1.2151,-0.19975
0.75118,-0.028488
0.73494,0.068934
0.79967,0.015924
0.47188,0.14811
0.79066,-0.14726
0.82652,-0.21307
0.80535,-0.28092
0.6839,-0.25638
0.8803,-0.30699
0.64226,0.25658
0.85844,-0.084518
0.85924,-0.11853
0.65143,0.061481
0.68301,-0.040244
0.74589,0.034896
0.63087,-0.27531
0.60047,0.057479
0.79815,-0.22642
0.68064,-0.54053
0.6043,-0.040148
0.70328,-0.2139
0.68802,-0.41354
1.0419,-0.3829
0.64559,-0.32371
0.72424,-0.27769
0.61254,-0.046877
0.84298,0.12448
0.74167,0.036416
0.75698,-0.41035
0.7325,0.074091
0.5285,-0.2998
0.86418,-0.36699
0.63243,-0.22488
0.98068,-0.27924
0.58384,-0.28654
1.0643,-0.037505
1.0756,0.092041
1.0133,-0.045718
0.69241,-0.32779
0.65257,0.063183
0.72215,-0.42645
0.70084,-0.19098
0.79177,0.012886
0.7918,0.21644
0.82511,-0.10675
0.75255,-0.3719
0.67773,-0.32688
0.81062,-0.093093
0.79356,-0.35421
0.79625,-0.13016
0.58504,-0.22873
0.60362,0.067588
0.76557,-0.20024
0.96384,-0.15221
0.94946,0.014615
0.76488,0.038937
0.68715,0.16261
0.97179,-0.4676
0.73752,-0.065227
0.70366,0.18936
0.83531,-0.27414
1.1242,-0.013227
0.85698,-0.30943
0.69324,-0.1193
0.85847,-0.023832
0.72899,-0.27323
0.78529,-0.19671
0.90243,0.0086042
0.67348,-0.14329
0.68476,-0.2931
0.84158,-0.026931
0.59181,0.40066
0.3882,-0.26576
0.77569,-0.10932
0.7332,-0.6933
0.73956,0.20733
0.73426,0.2399
1.1255,-0.16383
0.6478,-0.056789
0.76985,0.26578
0.79414,-0.08933
0.67832,0.26844
0.68387,0.029104
0.98158,0.12009
1.0228,-0.21375
0.73467,-0.059021
0.60757,-0.080501
0.70147,-0.20768
0.89165,-0.45248
0.71772,-0.040884
0.89924,-0.26646
0.8313,-0.30083
0.65673,-0.33514
0.83538,-0.25675
0.81393,-0.20478
0.7542,-0.15937
0.5534,0.38895
0.83723,-0.19098
1.078,-0.065926
0.7789,-0.20976
0.88678,0.075483
0.68189,-0.10256
0.86594,-0.11891
0.95129,-0.13892
0.86403,-0.24313
0.69012,-0.051483
0.50894,0.30614
0.74387,-0.11626
0.75932,-0.3006
0.66254,0.20423
0.68096,-0.22749
0.56413,0.1537
0.90281,-0.3552
0.68868,-0.068443
0.92908,-0.24181
1.1634,-0.36521
0.64559,-0.21084
0.78942,0.22719
0.65774,0.23311
0.78215,-0.23937
0.74642,-0.023183
0.769,-0.34459
0.81656,0.073908
0.63169,0.044556
0.85497,-0.095831
0.77214,0.060601
0.67947,0.49932
0.68781,0.14849
0.73346,-0.097464
0.62565,0.1694
0.68542,-0.17606
0.63702,0.40822
1.1748,-0.25
0.69611,-0.26662
0.74469,-0.2864
1.016,0.01452
0.70321,0.11566
0.72931,0.16818
0.5922,0.28554
0.71713,0.087496
0.69872,-0.22298
0.82269,-0.18989
0.99532,-0.2496
0.72489,-0.17669
0.65876,0.12817
0.66487,-0.21995
0.84746,-0.20143
0.93964,-0.19857
0.7602,-0.079881
0.85139,-0.44507
0.90684,-0.10358
0.86925,-0.11241
0.8088,0.16046
0.81533,0.032984
0.83427,-0.13677
0.82245,-0.15543
0.72985,-0.089593
0.96644,0.044434
0.81892,-0.021956
0.53314,-0.067991
0.65378,-0.1172
0.69684,0.17227
0.65218,-0.01363
0.65227,0.043457
0.66076,-0.26691
0.71984,-0.34543
0.75118,-0.12515
0.86783,-0.11596
0.7055,-0.052603
0.91131,-0.16516
0.64732,-0.20259
0.85783,-0.36585
0.63574,0.26207
0.80819,0.091751
0.86069,-0.11887
0.72454,-0.14043
0.66836,0.12963
0.61561,0.23783
0.62123,0.01341
1.0979,0.01607
0.69116,0.24773
0.80944,-0.1937
0.70105,-0.16969
0.67952,0.28605
0.88978,-0.21709
0.49327,-0.12637
0.88409,-0.14858
1.0223,-0.16988
0.71136,0.055543
0.64539,-0.17954
0.77446,0.18768
0.73345,-0.27111
0.86765,0.16215
0.86019,-0.038194
0.70669,-0.0087754
0.7292,0.51136
0.71736,0.012139
0.69729,0.0085273
0.71804,0.17733
0.85025,0.19973
0.66372,0.021809
0.85581,-0.41843
0.60006,0.12037
0.82199,-0.16691
0.69026,-0.20956
0.65006,0.24678
0.81662,-0.24297
0.76282,0.17988
0.73787,-0.15591
0.90714,-0.31422
0.6563,0.34174
0.70751,0.041513
0.77798,-0.089959
0.7464,-0.16217
0.93207,-0.11292
1.0509,-0.34244
0.7845,-0.019202
0.58741,-0.30741
0.71911,0.12084
0.61824,0.25243
0.80569,-0.055097
0.88349,-0.24208
0.68172,-0.081487
0.74813,-0.021558
0.61572,-0.27875
1.0161,-0.38282
0.64432,0.10109
0.82911,-0.010036
0.52594,0.009578
1.0897,0.10444
0.66178,0.053315
0.67657,0.33107
0.72739,0.02181
0.79412,0.14267
0.91088,-0.12139
0.85633,-0.25335
0.82067,-0.051392
0.68758,-0.14471
0.88439,-0.28713
0.91355,-0.24426
0.74441,-0.14573
0.78657,-0.18676
1.0364,-0.16642
0.72813,-0.34972
0.82039,0.040546
0.77564,-0.14537
0.76726,-0.18453
0.68759,0.021222
0.82484,-0.044398
0.8223,-0.059086
0.56473,0.30257
0.76302,-0.16107
0.44974,-0.41993
0.42206,-0.13255
0.67974,0.0063159
0.66438,-0.16962
1.0219,-0.21427
0.77307,-0.26707
0.62955,-0.050137
0.65991,-0.10873
0.83582,-0.42651
0.63015,-0.17522
0.88304,-0.18984
0.8066,-0.076735
0.80191,-0.17929
0.63512,-0.072719
0.64114,-0.23895
0.6966,0.049997
0.75528,0.24941
0.63276,-0.091213
0.59509,-0.27612
0.66671,0.25244
0.68121,0.26145
0.87522,-0.11361
0.89524,0.067469
0.76563,0.37544
0.90329,-0.25948
0.787,-0.16186
0.55025,-0.033201
0.54674,0.065728
0.67495,0.23317
0.79103,0.14953
0.82192,-0.060397
0.8399,0.019527
0.62054,0.041232
0.77381,-0.19757
0.49471,-0.26776
0.70631,0.56916
1.0966,0.020009
1.0152,-0.062623
0.64308,0.28136
0.95904,-0.010319
1.2715,-0.1461
0.79311,-0.1723
0.70021,-0.14332
0.85483,0.069331
0.69942,-0.083668
0.64075,0.1987
0.86017,0.07749
0.64063,0.029179
0.83461,-0.15224
0.96766,-0.20929
0.97706,-0.26605
0.64563,0.28181
0.909,-0.36449
0.78546,-0.39035
0.85796,-0.55394
0.87444,-0.15716
0.74854,0.24665
0.58523,0.39533
0.85691,-0.16131
0.62286,-0.25437
0.65953,0.040486
0.91511,-0.18228
0.91634,0.0080067
0.62354,-0.18582
0.7616,-0.055934
0.84853,-0.31546
0.76077,-0.064932
0.63245,-0.12187
0.67376,-0.052864
0.86222,-0.069955
0.71653,0.19215
0.9264,-0.19495
0.47914,-0.25667
0.71911,-0.4044
0.71486,-0.19967
0.62001,0.14263
0.77951,-0.12645
0.92777,0.012838
0.59092,0.25062
0.88662,-0.52417
0.76295,-0.32927
0.77257,-0.1431
0.85364,0.21029
0.6723,0.20195
0.63659,-0.25382
0.741,0.17493
0.64069,-0.16407
0.71611,0.19517
0.92874,-0.31478
0.72105,0.071757
0.61251,0.15159
0.53894,-0.051429
0.66316,0.12902
0.66536,0.079508
0.78084,-0.24146
0.81732,-0.33492
0.74191,-0.51192
0.74413,0.22395
0.50374,-0.21892
0.69572,-0.38954
0.86841,-0.11132
0.63653,-0.015477
0.86578,-0.20718
0.69272,0.083978
0.71485,0.11036
0.78258,-0.053269
0.70197,-0.1494
0.77538,-0.12449
0.68148,-0.19694
0.49476,-0.36727
0.89893,0.071328
1.1186,-0.18677
0.63928,-0.053634
0.8864,-0.20641
0.77817,-0.14878
0.83827,-0.13677
0.56446,-0.25188
0.86979,0.20497
0.36449,-0.19365
0.77708,0.28638
0.78373,-0.19058
0.74899,-0.066876
0.64906,-0.15336
0.87379,-0.078259
0.81526,-0.21343
0.96802,-0.3118
0.76773,-0.2741
0.71581,-0.26765
0.98126,-0.026433
0.84217,-0.1611
0.74274,-0.036438
0.72291,-0.12795
0.77887,0.10436
0.75476,-0.28799
0.76365,-0.27064
0.73604,0.094515
0.82995,0.086108
0.64985,-0.015294
0.71678,-0.040502
0.58733,0.22586
0.76889,-0.16346
0.74842,-0.22668
0.55624,-0.17462
0.7847,0.078141
0.62297,0.0076958
0.84798,-0.31489
0.70693,0.086653
0.9071,-0.13472
0.80629,-0.13825
0.87781,-0.17466
0.91855,-0.041475
1.1519,0.12726
0.60922,0.1295
0.68722,-0.04263
0.6726,-0.31453
0.98292,0.041131
0.75962,-0.26313
0.89995,0.020055
0.57837,0.39607
1.197,-0.044283
0.89695,-0.36557
0.75993,-0.034817
0.60329,0.10825
0.669,-0.10434
0.78995,-0.2139
0.72276,-0.19214
0.72657,0.35052
0.57619,-0.09953
0.90091,-0.21149
0.72653,-0.28385
0.49665,-0.43388
0.61898,0.0024983
0.74813,0.26325
0.63138,0.029558
0.90793,-0.46396
0.82113,-0.33625
0.93255,0.22146
0.776,0.016913
0.60414,-0.14271
0.55378,0.020876
0.60188,-0.056899
0.6131,0.58593
0.84323,0.1802
0.50733,0.29977
0.51703,-0.5175
0.8047,0.074951
0.64616,-0.375
0.61934,-0.014596
0.83462,-0.24414
0.74504,-0.015457
0.78306,-0.18373
0.50775,-0.15154
0.90956,-0.22032
0.75109,-0.090707
0.89715,-0.36526
0.75281,0.49701
0.72415,0.0026808
1.0031,0.021641
0.71896,-0.37761
1.0499,-0.14045
0.99178,-0.20854
0.65893,0.21788
0.76618,-0.24856
0.91067,-0.30632
0.72701,-0.073324
0.85356,0.27201
0.79542,0.0082343
0.85736,0.18616
0.75871,0.052989
0.74217,-0.29823
0.94024,-0.14869
1.1395,-0.010509
0.88901,-0.11077
0.80371,-0.39343
0.67587,-0.30888
0.8998,-0.11396
0.82145,-0.13974
0.77349,-0.32218
0.75187,-0.014919
0.60207,-0.12251
0.73742,0.013037
0.66116,-0.5548
0.84446,0.042801
0.67814,-0.24464
0.70486,-0.16672
0.42472,-0.22664
0.73185,0.12959
0.6796,-0.11693
0.98022,-0.027239
0.74983,0.022663
0.63023,0.55879
0.96544,-0.27009
0.6912,0.14573
0.67804,0.49515
0.92893,-0.1899
0.93484,-0.24688
0.80536,-0.080822
0.67008,-0.073966
0.61531,0.097064
0.77362,-0.078356
0.68577,0.13768
1.1129,-0.052709
0.65904,0.046816
0.77775,-0.11449
0.74589,0.30922
0.84586,-0.18225
0.66053,-0.091804
1.0102,-0.19546
0.76769,-0.11325
0.8154,-0.3567
0.67678,0.20772
0.62284,-0.249
0.56926,0.017254
0.68085,-0.045034
1.0753,-0.27047
0.83492,-0.096101
0.74327,-0.11115
0.72402,0.10995
0.82091,-0.14638
0.75862,-0.14645
0.80939,-0.051671
0.67342,-0.42661
0.64039,0.32941
0.47072,-0.087649
0.43052,-0.14107
0.5882,0.014091
0.78256,-0.20566
0.5852,-0.017533
0.71156,-0.22897
0.96453,-0.036037
0.55931,-0.23549
0.61929,-0.38181
0.7644,-0.25511
0.70421,-0.24939
0.75707,-0.44677
0.74328,-0.24294
0.89812,-0.28065
0.74241,-0.0023347
0.78531,-0.28249
0.87423,-0.12501
0.6194,-0.49863
0.65872,0.25172
0.7694,-0.34931
0.67731,-0.20274
0.72917,0.3707
0.70826,-0.012722
0.7653,-0.42062
0.6502,0.25605
0.99719,-0.34967
0.68324,-0.20642
0.88239,0.1923
0.82526,-0.34451
0.5476,-0.19451
0.83911,-0.024945
0.68264,-0.24908
0.50247,-0.21962
0.6342,-0.32489
0.93964,-0.30067
0.67904,-0.12754
0.97749,-0.071504
0.87782,-0.2417
0.76147,-0.29043
0.99727,-0.057226
0.91108,-0.044179
0.76461,0.0088909
0.47099,-0.16978
0.67737,-0.27422
0.64079,-0.32932
1.0653,-0.052776
0.9486,-0.22894
0.77241,-0.088831
0.74319,-0.075194
0.73839,0.0053912
0.82085,0.097298
0.69235,-0.22583
0.73674,-0.16537
0.63484,0.18231
0.64514,-0.25809
0.57959,0.058635
0.75438,-0.18593
0.71203,-0.25315
0.77318,-0.32548
0.85246,0.3154
0.77688,-0.05475
0.78216,-0.089305
0.6812,-0.60699
0.77953,-0.11339
0.73897,0.33955
0.8094,-0.24713
0.70644,-0.14937
0.62515,-0.18709
0.7809,0.02999
1.0368,-0.26224
0.64699,-0.23117
0.68061,0.25971
1.2252,0.069736
0.77361,-0.10316
0.64244,-0.32669
0.75137,-0.22168
0.7295,-0.11095
0.73267,-0.040047
0.91591,-0.1313
1.0176,-0.47252
0.8121,-0.14302
0.7611,-0.12865
0.84805,-0.039906
0.90036,-0.24753
0.72682,0.41388
0.62822,-0.21868
0.73886,0.14376
0.65145,-0.07316
0.93564,-0.11219
0.71282,0.13358
0.75495,0.0037094
0.65826,0.083872
0.86074,0.15699
0.56861,-0.30951
0.84906,-0.26733
0.79743,0.21014
0.63678,0.14223
0.77791,-0.43058
0.83631,0.17405
0.65938,0.16799
0.89461,-0.00045405
0.73655,-0.086573
0.69998,0.13229
0.85729,-0.064859
0.95877,0.0074857
0.65749,-0.044278
0.65322,-0.21407
0.70344,-0.093017
0.72924,-0.076201
0.76408,-0.20677
0.71126,-0.2699
0.5454,-0.16611
0.69118,0.15345
0.73113,0.11772
0.56155,-0.39264
0.79055,-0.056211
0.77561,-0.065835
0.64405,-0.15191
0.81866,-0.21585
0.80655,0.25961
0.70879,0.21539
0.69967,-0.19765
0.81489,-0.31697
1.0745,-0.11613
0.66189,0.0041722
0.7483,-0.3352
0.70402,0.17248
0.89727,-0.19844
1.2047,0.087027
0.78251,0.19993
0.7833,0.1145
0.58442,0.065346
0.85231,-0.049912
0.66256,-0.27943
0.60797,0.070306
0.62932,-0.27722
1.0644,-0.10104
0.60956,-0.048337
0.67652,0.043425
0.55958,0.087261
0.7209,-0.1695
0.63818,0.11994
0.7182,-0.26896
1.0008,-0.10217
0.86309,0.19818
0.91154,0.013155
0.78624,-0.4855
0.70012,-0.10177
0.62071,-0.14493
0.67683,0.022301
0.79405,-0.081882
0.75438,-0.1901
0.72764,0.088653
0.87511,0.01854
0.87925,-0.09355
0.97393,-0.029185
1.1086,0.12546
0.68527,0.14153
0.80251,0.12875
0.85768,-0.089325
0.67875,-0.26329
0.70964,0.25673
0.7717,0.88905
0.66842,0.33123
0.72698,0.12459
0.88201,-0.053555
0.70549,-0.31888
0.75957,0.072004
0.73392,-0.12241
0.97704,0.10538
0.98382,-0.090402
0.85255,-0.36673
0.88006,-0.17812
0.69546,0.21554
0.85394,0.071478
0.75167,-0.34546
0.87138,-0.11469
0.6159,0.11037
0.89339,-0.39294
0.71409,0.46513
0.6538,0.21121
0.61585,-0.02994
0.70558,-0.12494
0.7417,0.16274
0.80097,-0.3196
0.8218,-0.046088
0.77903,0.10748
0.56747,-0.0031211
0.6777,-0.0082003
0.68961,-0.28166
0.87984,-0.22341
1.1923,-0.30151
0.69054,0.16805
0.65508,-0.11067
0.7193,0.19454
0.76483,-0.25457
0.63624,-0.21907
0.7205,-0.17893
0.66013,-0.13745
0.57063,-0.17864
0.6932,-0.0065264
0.74641,0.11215
1.0402,-0.10721
0.83323,-0.31799
